month,region,product_group,ending_balance,weighted_avg_rate
2023-11,South Texas,MTG,183230258.25,6.4
2023-11,South Texas,MTG,196637967.62,6.36
2023-11,South Texas,MTG,182462941.07,6.8
2023-11,South Texas,MTG,185391807.83,6.59
2023-11,South Texas,MTG,171283647.18,6.35
2023-11,South Texas,HELOC,62310150.33,7.19
2023-11,South Texas,HELOC,58683450.03,6.79
2023-11,South Texas,HELOC,52625491.71,6.81
2023-11,South Texas,HELOC,59659029.47,7.2
2023-11,South Texas,HELOC,62019401.08,7.01
2023-11,South Texas,PL,24499850.42,10.17
2023-11,South Texas,PL,26757059.5,10.29
2023-11,South Texas,PL,22371749.14,10.16
2023-11,South Texas,PL,23927229.96,10.18
2023-11,South Texas,PL,25703638.33,10.24
2023-11,Central Texas,MTG,161308211.34,6.76
2023-11,Central Texas,MTG,155731850.19,6.84
2023-11,Central Texas,MTG,155958231.68,6.57
2023-11,Central Texas,MTG,159469167.64,6.58
2023-11,Central Texas,MTG,166001327.96,6.63
2023-11,Central Texas,HELOC,51740648.01,6.79
2023-11,Central Texas,HELOC,61509515.37,6.89
2023-11,Central Texas,HELOC,56097637.32,6.72
2023-11,Central Texas,HELOC,53161161.84,6.94
2023-11,Central Texas,HELOC,55418445.21,6.55
2023-11,Central Texas,PL,22707675.77,10.09
2023-11,Central Texas,PL,22905432.14,10.1
2023-11,Central Texas,PL,21430646.63,10.22
2023-11,Central Texas,PL,21184588.16,10.19
2023-11,Central Texas,PL,21008280.29,9.99
2023-11,North Texas,MTG,216161613.47,6.37
2023-11,North Texas,MTG,205391872.01,6.67
2023-11,North Texas,MTG,201465503.08,6.44
2023-11,North Texas,MTG,209036142.8,6.73
2023-11,North Texas,MTG,196476162.61,6.54
2023-11,North Texas,HELOC,63802516.22,6.9
2023-11,North Texas,HELOC,69102614.05,6.83
2023-11,North Texas,HELOC,67629024.5,6.75
2023-11,North Texas,HELOC,69231235.83,7.12
2023-11,North Texas,HELOC,65708568.39,6.87
2023-11,North Texas,PL,29378182.81,10.44
2023-11,North Texas,PL,26883512.73,10.23
2023-11,North Texas,PL,29103913.53,10.24
2023-11,North Texas,PL,25654009.92,10.34
2023-11,North Texas,PL,30649170.44,10.28
2023-11,East Texas,MTG,161720045.52,6.48
2023-11,East Texas,MTG,186929217.61,6.7
2023-11,East Texas,MTG,176760239.57,6.61
2023-11,East Texas,MTG,165049765.99,6.53
2023-11,East Texas,MTG,170298695.38,6.64
2023-11,East Texas,HELOC,61526756.68,7.13
2023-11,East Texas,HELOC,52741846.93,6.99
2023-11,East Texas,HELOC,59210290.04,7.05
2023-11,East Texas,HELOC,55112298.71,7.4
2023-11,East Texas,HELOC,53168746.31,6.8
2023-11,East Texas,PL,24041993.85,10.58
2023-11,East Texas,PL,22704756.44,10.22
2023-11,East Texas,PL,25096617.09,10.26
2023-11,East Texas,PL,23331745.18,10.34
2023-11,East Texas,PL,24090647.49,10.41
2023-11,West Texas,MTG,137623220.0,6.61
2023-11,West Texas,MTG,128625594.53,6.59
2023-11,West Texas,MTG,130402175.01,6.57
2023-11,West Texas,MTG,125994523.66,6.74
2023-11,West Texas,MTG,139645045.62,6.33
2023-11,West Texas,HELOC,42030063.46,6.86
2023-11,West Texas,HELOC,41067085.6,7.02
2023-11,West Texas,HELOC,44008315.11,6.94
2023-11,West Texas,HELOC,36259979.0,6.82
2023-11,West Texas,HELOC,44689499.01,6.55
2023-11,West Texas,PL,18984283.94,10.34
2023-11,West Texas,PL,19145220.1,10.23
2023-11,West Texas,PL,14923243.22,10.32
2023-11,West Texas,PL,19093316.41,10.4
2023-11,West Texas,PL,16671635.65,10.27
2023-12,South Texas,MTG,179704473.58,6.46
2023-12,South Texas,MTG,193098497.14,6.4
2023-12,South Texas,MTG,176455652.12,6.41
2023-12,South Texas,MTG,171087772.29,6.6
2023-12,South Texas,MTG,194953527.44,6.55
2023-12,South Texas,HELOC,56982756.6,7.11
2023-12,South Texas,HELOC,66557105.26,6.88
2023-12,South Texas,HELOC,60064337.2,7.06
2023-12,South Texas,HELOC,66365621.24,6.9
2023-12,South Texas,HELOC,57502650.66,7.07
2023-12,South Texas,PL,26623835.09,10.28
2023-12,South Texas,PL,24927333.43,10.43
2023-12,South Texas,PL,26285045.01,10.16
2023-12,South Texas,PL,25686368.41,10.08
2023-12,South Texas,PL,26482363.07,10.24
2023-12,Central Texas,MTG,162128602.51,6.58
2023-12,Central Texas,MTG,166412769.29,6.71
2023-12,Central Texas,MTG,171369814.78,6.56
2023-12,Central Texas,MTG,172923013.35,6.64
2023-12,Central Texas,MTG,162210603.27,6.56
2023-12,Central Texas,HELOC,54905331.33,7.06
2023-12,Central Texas,HELOC,54248932.16,6.92
2023-12,Central Texas,HELOC,61256271.93,7.12
2023-12,Central Texas,HELOC,53068198.01,7.07
2023-12,Central Texas,HELOC,55705050.2,7.04
2023-12,Central Texas,PL,23234176.66,10.46
2023-12,Central Texas,PL,23494525.43,10.27
2023-12,Central Texas,PL,24365238.22,10.31
2023-12,Central Texas,PL,23214348.22,10.33
2023-12,Central Texas,PL,22945488.72,10.28
2023-12,North Texas,MTG,206894748.7,6.47
2023-12,North Texas,MTG,203187866.52,6.37
2023-12,North Texas,MTG,204257543.75,6.55
2023-12,North Texas,MTG,213103058.24,6.54
2023-12,North Texas,MTG,190973668.59,6.82
2023-12,North Texas,HELOC,73984440.37,7.05
2023-12,North Texas,HELOC,76447472.02,6.83
2023-12,North Texas,HELOC,76387875.36,6.84
2023-12,North Texas,HELOC,71441213.78,6.79
2023-12,North Texas,HELOC,70769082.29,7.04
2023-12,North Texas,PL,29275387.09,10.39
2023-12,North Texas,PL,29592518.06,10.2
2023-12,North Texas,PL,28760233.35,10.4
2023-12,North Texas,PL,28651572.46,10.42
2023-12,North Texas,PL,30997139.74,10.03
2023-12,East Texas,MTG,185471337.49,6.89
2023-12,East Texas,MTG,177543033.85,6.67
2023-12,East Texas,MTG,184608047.92,6.54
2023-12,East Texas,MTG,176915522.01,6.38
2023-12,East Texas,MTG,176522715.26,6.65
2023-12,East Texas,HELOC,59973489.07,7.14
2023-12,East Texas,HELOC,56100593.47,6.9
2023-12,East Texas,HELOC,64111522.04,6.96
2023-12,East Texas,HELOC,59025101.36,6.97
2023-12,East Texas,HELOC,55959957.52,7.22
2023-12,East Texas,PL,23684123.24,10.11
2023-12,East Texas,PL,23780324.65,9.98
2023-12,East Texas,PL,23529640.67,10.13
2023-12,East Texas,PL,25115535.79,10.18
2023-12,East Texas,PL,25453504.92,10.49
2023-12,West Texas,MTG,136180578.03,6.55
2023-12,West Texas,MTG,130420030.47,6.35
2023-12,West Texas,MTG,127945985.65,6.45
2023-12,West Texas,MTG,135398937.43,6.97
2023-12,West Texas,MTG,133648394.72,6.28
2023-12,West Texas,HELOC,41966309.42,7.0
2023-12,West Texas,HELOC,43312072.28,6.87
2023-12,West Texas,HELOC,43785875.23,6.79
2023-12,West Texas,HELOC,40215273.83,7.08
2023-12,West Texas,HELOC,40003010.31,7.06
2023-12,West Texas,PL,16225670.28,10.54
2023-12,West Texas,PL,16969662.6,10.25
2023-12,West Texas,PL,18350766.58,10.2
2023-12,West Texas,PL,18116757.45,10.37
2023-12,West Texas,PL,19138266.54,10.4
2024-01,South Texas,MTG,186247934.46,6.58
2024-01,South Texas,MTG,208936205.66,6.74
2024-01,South Texas,MTG,179497815.73,6.61
2024-01,South Texas,MTG,184777940.39,6.58
2024-01,South Texas,MTG,176728772.21,6.54
2024-01,South Texas,HELOC,68032743.53,7.09
2024-01,South Texas,HELOC,55124591.99,7.18
2024-01,South Texas,HELOC,65866964.78,6.95
2024-01,South Texas,HELOC,64749866.84,6.87
2024-01,South Texas,HELOC,61187309.06,7.22
2024-01,South Texas,PL,25742869.2,10.02
2024-01,South Texas,PL,26003402.73,10.29
2024-01,South Texas,PL,27580492.47,10.3
2024-01,South Texas,PL,25555553.87,10.46
2024-01,South Texas,PL,26233519.55,10.19
2024-01,Central Texas,MTG,179409783.82,6.63
2024-01,Central Texas,MTG,169041139.47,6.63
2024-01,Central Texas,MTG,159378790.43,6.52
2024-01,Central Texas,MTG,169047049.19,6.57
2024-01,Central Texas,MTG,180466661.22,6.63
2024-01,Central Texas,HELOC,58902980.36,7.0
2024-01,Central Texas,HELOC,59507134.04,7.06
2024-01,Central Texas,HELOC,56378530.05,7.0
2024-01,Central Texas,HELOC,53474952.71,7.08
2024-01,Central Texas,HELOC,56217654.39,6.92
2024-01,Central Texas,PL,24857355.79,10.11
2024-01,Central Texas,PL,22946158.71,10.45
2024-01,Central Texas,PL,23868682.26,10.29
2024-01,Central Texas,PL,23788033.01,10.33
2024-01,Central Texas,PL,21578450.4,10.25
2024-01,North Texas,MTG,230512057.82,6.5
2024-01,North Texas,MTG,213098653.8,6.52
2024-01,North Texas,MTG,215180225.92,6.51
2024-01,North Texas,MTG,220344036.45,6.63
2024-01,North Texas,MTG,222925291.47,6.44
2024-01,North Texas,HELOC,70966766.19,6.97
2024-01,North Texas,HELOC,73354728.37,6.88
2024-01,North Texas,HELOC,74734749.06,7.18
2024-01,North Texas,HELOC,69021170.6,6.93
2024-01,North Texas,HELOC,70391993.12,7.39
2024-01,North Texas,PL,29457536.39,10.55
2024-01,North Texas,PL,28411621.52,10.15
2024-01,North Texas,PL,29136655.85,10.17
2024-01,North Texas,PL,29660038.1,10.19
2024-01,North Texas,PL,28970734.53,10.47
2024-01,East Texas,MTG,189418659.8,6.74
2024-01,East Texas,MTG,183120507.8,6.61
2024-01,East Texas,MTG,173931240.99,6.46
2024-01,East Texas,MTG,181671478.53,6.42
2024-01,East Texas,MTG,169459228.84,6.77
2024-01,East Texas,HELOC,65170119.53,7.06
2024-01,East Texas,HELOC,62787543.86,6.96
2024-01,East Texas,HELOC,55455149.84,7.09
2024-01,East Texas,HELOC,61176040.37,7.01
2024-01,East Texas,HELOC,58741046.03,7.14
2024-01,East Texas,PL,23546238.88,10.18
2024-01,East Texas,PL,23518272.03,10.31
2024-01,East Texas,PL,23418538.9,10.2
2024-01,East Texas,PL,23896210.71,10.26
2024-01,East Texas,PL,22919187.11,10.31
2024-01,West Texas,MTG,142681692.9,6.62
2024-01,West Texas,MTG,145327850.35,6.8
2024-01,West Texas,MTG,138455575.47,6.61
2024-01,West Texas,MTG,131658463.54,6.71
2024-01,West Texas,MTG,127930924.56,6.32
2024-01,West Texas,HELOC,45294665.51,6.83
2024-01,West Texas,HELOC,40932229.66,7.0
2024-01,West Texas,HELOC,43533278.72,6.79
2024-01,West Texas,HELOC,44315128.04,7.14
2024-01,West Texas,HELOC,40433628.64,7.19
2024-01,West Texas,PL,16307558.7,10.62
2024-01,West Texas,PL,17743696.69,10.32
2024-01,West Texas,PL,15892730.26,10.29
2024-01,West Texas,PL,18543374.95,10.29
2024-01,West Texas,PL,17553920.88,10.16
2024-02,South Texas,MTG,199174739.58,6.62
2024-02,South Texas,MTG,202866771.39,6.54
2024-02,South Texas,MTG,185086847.76,6.74
2024-02,South Texas,MTG,174393225.34,6.44
2024-02,South Texas,MTG,198877364.74,6.44
2024-02,South Texas,HELOC,57542846.95,7.3
2024-02,South Texas,HELOC,58818547.06,7.05
2024-02,South Texas,HELOC,63207255.58,6.6
2024-02,South Texas,HELOC,62198048.93,7.09
2024-02,South Texas,HELOC,64062928.14,7.16
2024-02,South Texas,PL,25765635.86,10.43
2024-02,South Texas,PL,25388338.66,10.11
2024-02,South Texas,PL,24627839.53,10.1
2024-02,South Texas,PL,27511982.46,10.09
2024-02,South Texas,PL,26592548.55,10.28
2024-02,Central Texas,MTG,169176162.84,6.82
2024-02,Central Texas,MTG,166154153.7,6.71
2024-02,Central Texas,MTG,170438070.16,6.6
2024-02,Central Texas,MTG,190799722.12,6.4
2024-02,Central Texas,MTG,181702186.52,6.72
2024-02,Central Texas,HELOC,55261425.02,7.26
2024-02,Central Texas,HELOC,51155669.66,6.94
2024-02,Central Texas,HELOC,53074553.39,7.08
2024-02,Central Texas,HELOC,53360807.7,7.08
2024-02,Central Texas,HELOC,56140690.75,6.95
2024-02,Central Texas,PL,24110809.06,10.28
2024-02,Central Texas,PL,22264206.45,10.74
2024-02,Central Texas,PL,23016041.02,9.99
2024-02,Central Texas,PL,22572376.64,10.13
2024-02,Central Texas,PL,24657682.02,10.37
2024-02,North Texas,MTG,220938415.22,6.56
2024-02,North Texas,MTG,214835847.78,6.56
2024-02,North Texas,MTG,216619261.34,6.75
2024-02,North Texas,MTG,220374678.71,6.7
2024-02,North Texas,MTG,221846030.17,6.75
2024-02,North Texas,HELOC,73314450.12,7.07
2024-02,North Texas,HELOC,76016418.72,6.92
2024-02,North Texas,HELOC,69882772.26,6.84
2024-02,North Texas,HELOC,72998743.69,6.74
2024-02,North Texas,HELOC,73836462.29,7.0
2024-02,North Texas,PL,31605799.62,10.22
2024-02,North Texas,PL,29933352.14,10.49
2024-02,North Texas,PL,31916419.56,10.22
2024-02,North Texas,PL,30414726.54,10.36
2024-02,North Texas,PL,30654566.76,10.28
2024-02,East Texas,MTG,191082450.58,6.34
2024-02,East Texas,MTG,175759827.89,6.69
2024-02,East Texas,MTG,183665023.31,6.82
2024-02,East Texas,MTG,190334028.54,6.58
2024-02,East Texas,MTG,191248841.19,6.51
2024-02,East Texas,HELOC,62642662.15,7.29
2024-02,East Texas,HELOC,63494832.32,7.04
2024-02,East Texas,HELOC,58854663.68,6.79
2024-02,East Texas,HELOC,60781618.91,6.85
2024-02,East Texas,HELOC,57470596.01,6.84
2024-02,East Texas,PL,24362009.58,10.32
2024-02,East Texas,PL,25279518.23,10.23
2024-02,East Texas,PL,26274104.63,10.29
2024-02,East Texas,PL,23952846.96,10.35
2024-02,East Texas,PL,27391941.04,10.37
2024-02,West Texas,MTG,129034299.35,6.39
2024-02,West Texas,MTG,130325289.11,6.66
2024-02,West Texas,MTG,128811771.98,6.37
2024-02,West Texas,MTG,124644911.49,6.84
2024-02,West Texas,MTG,145206009.03,6.49
2024-02,West Texas,HELOC,46118270.36,6.84
2024-02,West Texas,HELOC,48312948.85,7.06
2024-02,West Texas,HELOC,46948924.5,6.76
2024-02,West Texas,HELOC,46132911.31,7.02
2024-02,West Texas,HELOC,46655787.21,7.16
2024-02,West Texas,PL,18457230.86,10.23
2024-02,West Texas,PL,19349620.23,10.31
2024-02,West Texas,PL,17284018.81,10.18
2024-02,West Texas,PL,16528544.48,10.24
2024-02,West Texas,PL,19753365.06,10.35
2024-03,South Texas,MTG,183026319.28,6.76
2024-03,South Texas,MTG,180301939.04,6.65
2024-03,South Texas,MTG,186177555.28,6.76
2024-03,South Texas,MTG,173599173.3,6.51
2024-03,South Texas,MTG,173050017.7,6.6
2024-03,South Texas,HELOC,66232358.72,6.96
2024-03,South Texas,HELOC,61066024.4,7.17
2024-03,South Texas,HELOC,65803724.89,7.03
2024-03,South Texas,HELOC,64652220.77,6.88
2024-03,South Texas,HELOC,66731999.21,7.36
2024-03,South Texas,PL,26734051.49,10.03
2024-03,South Texas,PL,25384743.93,10.43
2024-03,South Texas,PL,25555678.01,10.53
2024-03,South Texas,PL,26817728.34,10.23
2024-03,South Texas,PL,26122862.77,10.21
2024-03,Central Texas,MTG,167371541.86,6.56
2024-03,Central Texas,MTG,179587661.97,6.96
2024-03,Central Texas,MTG,156134110.77,6.35
2024-03,Central Texas,MTG,166808253.97,6.41
2024-03,Central Texas,MTG,169430710.2,6.75
2024-03,Central Texas,HELOC,60820694.28,7.07
2024-03,Central Texas,HELOC,55758802.92,6.74
2024-03,Central Texas,HELOC,56416824.04,7.05
2024-03,Central Texas,HELOC,58255139.03,6.93
2024-03,Central Texas,HELOC,55033110.79,6.82
2024-03,Central Texas,PL,20610162.57,10.17
2024-03,Central Texas,PL,21511371.31,10.39
2024-03,Central Texas,PL,22826611.01,10.26
2024-03,Central Texas,PL,22243762.27,9.86
2024-03,Central Texas,PL,25359667.02,10.19
2024-03,North Texas,MTG,212251582.3,6.42
2024-03,North Texas,MTG,224710736.02,6.66
2024-03,North Texas,MTG,208526075.36,6.58
2024-03,North Texas,MTG,231066982.23,6.63
2024-03,North Texas,MTG,214327761.09,6.5
2024-03,North Texas,HELOC,66304044.19,7.02
2024-03,North Texas,HELOC,72964242.98,7.2
2024-03,North Texas,HELOC,65242298.04,6.87
2024-03,North Texas,HELOC,70245564.37,7.04
2024-03,North Texas,HELOC,71552686.57,7.02
2024-03,North Texas,PL,30505031.59,10.2
2024-03,North Texas,PL,31162588.32,10.41
2024-03,North Texas,PL,29595121.19,10.58
2024-03,North Texas,PL,31940431.56,10.48
2024-03,North Texas,PL,26221715.55,10.58
2024-03,East Texas,MTG,185557343.9,6.94
2024-03,East Texas,MTG,189541698.53,6.88
2024-03,East Texas,MTG,186312410.85,6.84
2024-03,East Texas,MTG,196351630.87,6.67
2024-03,East Texas,MTG,164254442.31,6.59
2024-03,East Texas,HELOC,60638009.2,7.05
2024-03,East Texas,HELOC,55728486.5,6.8
2024-03,East Texas,HELOC,57244684.39,7.16
2024-03,East Texas,HELOC,64209191.71,7.18
2024-03,East Texas,HELOC,62640454.26,7.03
2024-03,East Texas,PL,22600802.09,10.27
2024-03,East Texas,PL,24454949.65,10.27
2024-03,East Texas,PL,24846773.75,10.41
2024-03,East Texas,PL,25844674.15,10.3
2024-03,East Texas,PL,22398705.91,10.27
2024-03,West Texas,MTG,131849353.62,6.82
2024-03,West Texas,MTG,126345689.46,6.72
2024-03,West Texas,MTG,134066751.14,6.65
2024-03,West Texas,MTG,139830759.92,6.54
2024-03,West Texas,MTG,126279282.0,6.64
2024-03,West Texas,HELOC,41898213.83,7.12
2024-03,West Texas,HELOC,41679076.43,7.07
2024-03,West Texas,HELOC,43518135.04,7.07
2024-03,West Texas,HELOC,42439429.16,6.99
2024-03,West Texas,HELOC,44106681.15,7.07
2024-03,West Texas,PL,18252519.83,10.6
2024-03,West Texas,PL,17019351.08,10.33
2024-03,West Texas,PL,16290735.95,10.4
2024-03,West Texas,PL,16863714.06,10.3
2024-03,West Texas,PL,17792691.82,10.38
2024-04,South Texas,MTG,179524881.74,6.57
2024-04,South Texas,MTG,197422708.18,6.7
2024-04,South Texas,MTG,179450542.33,6.62
2024-04,South Texas,MTG,199308194.57,6.62
2024-04,South Texas,MTG,178296510.39,6.56
2024-04,South Texas,HELOC,59852620.56,6.97
2024-04,South Texas,HELOC,57661056.45,6.89
2024-04,South Texas,HELOC,59012038.88,7.15
2024-04,South Texas,HELOC,60356288.14,7.03
2024-04,South Texas,HELOC,65310264.08,7.25
2024-04,South Texas,PL,25272343.82,10.27
2024-04,South Texas,PL,24544462.11,10.46
2024-04,South Texas,PL,25369115.96,10.3
2024-04,South Texas,PL,24607919.28,10.24
2024-04,South Texas,PL,26025072.74,10.16
2024-04,Central Texas,MTG,175003818.24,6.58
2024-04,Central Texas,MTG,164703276.5,6.46
2024-04,Central Texas,MTG,165938706.56,6.61
2024-04,Central Texas,MTG,165599274.61,6.88
2024-04,Central Texas,MTG,167649282.41,6.54
2024-04,Central Texas,HELOC,53216040.27,7.15
2024-04,Central Texas,HELOC,59246079.87,7.1
2024-04,Central Texas,HELOC,57416138.23,7.15
2024-04,Central Texas,HELOC,59607193.24,6.77
2024-04,Central Texas,HELOC,57351656.82,7.21
2024-04,Central Texas,PL,21389095.37,10.23
2024-04,Central Texas,PL,21999021.56,10.25
2024-04,Central Texas,PL,22460353.69,10.4
2024-04,Central Texas,PL,24144593.31,10.52
2024-04,Central Texas,PL,22015221.17,10.23
2024-04,North Texas,MTG,224017396.56,6.76
2024-04,North Texas,MTG,212920783.58,6.73
2024-04,North Texas,MTG,211906765.96,6.74
2024-04,North Texas,MTG,209150399.73,6.7
2024-04,North Texas,MTG,198580085.55,6.56
2024-04,North Texas,HELOC,68693966.47,7.0
2024-04,North Texas,HELOC,67945460.24,6.98
2024-04,North Texas,HELOC,66181757.81,7.14
2024-04,North Texas,HELOC,70477459.44,6.8
2024-04,North Texas,HELOC,68220510.27,7.11
2024-04,North Texas,PL,28789972.57,10.26
2024-04,North Texas,PL,29375509.15,10.41
2024-04,North Texas,PL,27673309.43,10.44
2024-04,North Texas,PL,28468383.4,10.36
2024-04,North Texas,PL,29424474.82,10.28
2024-04,East Texas,MTG,166062062.28,6.62
2024-04,East Texas,MTG,189902972.78,6.46
2024-04,East Texas,MTG,190505817.17,6.62
2024-04,East Texas,MTG,175593342.75,6.5
2024-04,East Texas,MTG,168333575.25,6.58
2024-04,East Texas,HELOC,55287915.09,7.03
2024-04,East Texas,HELOC,57203952.32,7.34
2024-04,East Texas,HELOC,54927077.44,7.08
2024-04,East Texas,HELOC,59168538.85,6.9
2024-04,East Texas,HELOC,60485482.49,7.0
2024-04,East Texas,PL,21228262.94,10.46
2024-04,East Texas,PL,22947573.89,10.2
2024-04,East Texas,PL,25203627.6,10.31
2024-04,East Texas,PL,25490965.19,10.54
2024-04,East Texas,PL,23537589.42,10.48
2024-04,West Texas,MTG,122350852.79,6.99
2024-04,West Texas,MTG,122913386.96,6.81
2024-04,West Texas,MTG,136744110.23,6.71
2024-04,West Texas,MTG,123115111.55,6.64
2024-04,West Texas,MTG,109767706.98,6.69
2024-04,West Texas,HELOC,44098845.99,7.08
2024-04,West Texas,HELOC,34130081.49,6.87
2024-04,West Texas,HELOC,40805727.05,7.1
2024-04,West Texas,HELOC,43918016.72,7.03
2024-04,West Texas,HELOC,44955736.61,6.91
2024-04,West Texas,PL,18700293.76,10.43
2024-04,West Texas,PL,18409443.42,10.33
2024-04,West Texas,PL,20225929.78,10.43
2024-04,West Texas,PL,16727080.17,10.4
2024-04,West Texas,PL,18878104.22,10.27
2024-05,South Texas,MTG,189803450.22,6.74
2024-05,South Texas,MTG,158917694.96,6.72
2024-05,South Texas,MTG,176345737.61,6.76
2024-05,South Texas,MTG,188497933.56,6.71
2024-05,South Texas,MTG,194987270.11,6.65
2024-05,South Texas,HELOC,61874453.47,7.2
2024-05,South Texas,HELOC,59707962.09,7.2
2024-05,South Texas,HELOC,58215981.04,7.02
2024-05,South Texas,HELOC,56062533.93,7.12
2024-05,South Texas,HELOC,60975755.03,7.26
2024-05,South Texas,PL,25988925.01,10.34
2024-05,South Texas,PL,23527275.39,10.44
2024-05,South Texas,PL,26388441.47,10.49
2024-05,South Texas,PL,26355596.91,10.35
2024-05,South Texas,PL,24416726.29,10.27
2024-05,Central Texas,MTG,161496931.8,6.67
2024-05,Central Texas,MTG,163860098.66,6.66
2024-05,Central Texas,MTG,160797350.43,6.56
2024-05,Central Texas,MTG,170474571.12,6.69
2024-05,Central Texas,MTG,160430004.59,6.57
2024-05,Central Texas,HELOC,50004260.67,7.28
2024-05,Central Texas,HELOC,55663916.12,6.84
2024-05,Central Texas,HELOC,56289426.9,7.22
2024-05,Central Texas,HELOC,54373128.37,7.32
2024-05,Central Texas,HELOC,54650158.93,6.87
2024-05,Central Texas,PL,22956461.25,10.42
2024-05,Central Texas,PL,21745878.94,10.47
2024-05,Central Texas,PL,20415418.42,10.53
2024-05,Central Texas,PL,21402347.87,10.23
2024-05,Central Texas,PL,22357719.03,10.44
2024-05,North Texas,MTG,208475316.57,6.57
2024-05,North Texas,MTG,202445196.38,6.51
2024-05,North Texas,MTG,204977880.89,6.84
2024-05,North Texas,MTG,206961633.56,6.81
2024-05,North Texas,MTG,220098612.04,6.59
2024-05,North Texas,HELOC,68440280.24,7.41
2024-05,North Texas,HELOC,73333030.24,6.83
2024-05,North Texas,HELOC,70161444.95,7.08
2024-05,North Texas,HELOC,71479359.33,6.97
2024-05,North Texas,HELOC,66481174.88,6.98
2024-05,North Texas,PL,28035089.32,10.5
2024-05,North Texas,PL,27273498.53,10.29
2024-05,North Texas,PL,26513734.51,10.53
2024-05,North Texas,PL,30338787.62,10.33
2024-05,North Texas,PL,28377563.29,10.45
2024-05,East Texas,MTG,184270338.07,6.74
2024-05,East Texas,MTG,164722122.52,6.44
2024-05,East Texas,MTG,160963863.64,6.69
2024-05,East Texas,MTG,165102052.29,6.71
2024-05,East Texas,MTG,166023683.85,6.52
2024-05,East Texas,HELOC,53468905.11,7.31
2024-05,East Texas,HELOC,59666963.25,7.34
2024-05,East Texas,HELOC,58619852.7,7.02
2024-05,East Texas,HELOC,60970022.77,7.08
2024-05,East Texas,HELOC,57662525.31,7.07
2024-05,East Texas,PL,20066369.73,10.62
2024-05,East Texas,PL,24363754.93,10.43
2024-05,East Texas,PL,23672779.92,10.4
2024-05,East Texas,PL,23003401.33,10.47
2024-05,East Texas,PL,22116127.07,10.41
2024-05,West Texas,MTG,131054161.24,6.65
2024-05,West Texas,MTG,129337810.13,6.53
2024-05,West Texas,MTG,117307559.06,6.72
2024-05,West Texas,MTG,132106946.89,6.4
2024-05,West Texas,MTG,130698185.72,6.6
2024-05,West Texas,HELOC,41421581.74,6.88
2024-05,West Texas,HELOC,39445148.28,7.22
2024-05,West Texas,HELOC,42098590.12,7.02
2024-05,West Texas,HELOC,41650534.94,7.15
2024-05,West Texas,HELOC,43321483.49,7.07
2024-05,West Texas,PL,18866198.89,10.53
2024-05,West Texas,PL,18016715.04,10.39
2024-05,West Texas,PL,18321651.37,10.43
2024-05,West Texas,PL,18826000.09,10.51
2024-05,West Texas,PL,16227182.62,10.22
2024-06,South Texas,MTG,169188754.1,6.85
2024-06,South Texas,MTG,161313219.03,6.76
2024-06,South Texas,MTG,178762887.82,6.87
2024-06,South Texas,MTG,177123048.22,6.5
2024-06,South Texas,MTG,166865805.35,6.52
2024-06,South Texas,HELOC,56886168.1,7.07
2024-06,South Texas,HELOC,55003675.42,7.32
2024-06,South Texas,HELOC,54524155.88,7.3
2024-06,South Texas,HELOC,62055489.09,7.23
2024-06,South Texas,HELOC,56418700.18,7.15
2024-06,South Texas,PL,22778286.08,10.54
2024-06,South Texas,PL,24282519.02,10.34
2024-06,South Texas,PL,22845318.94,10.03
2024-06,South Texas,PL,23076823.93,10.57
2024-06,South Texas,PL,23871458.21,10.37
2024-06,Central Texas,MTG,163849989.22,6.97
2024-06,Central Texas,MTG,169875041.89,6.55
2024-06,Central Texas,MTG,140466864.86,7.05
2024-06,Central Texas,MTG,178370924.5,6.73
2024-06,Central Texas,MTG,146515605.79,6.84
2024-06,Central Texas,HELOC,52326048.94,7.08
2024-06,Central Texas,HELOC,55333376.53,7.15
2024-06,Central Texas,HELOC,49092555.27,7.05
2024-06,Central Texas,HELOC,54633458.79,7.18
2024-06,Central Texas,HELOC,53436049.72,7.24
2024-06,Central Texas,PL,21485353.77,10.43
2024-06,Central Texas,PL,17718026.12,10.33
2024-06,Central Texas,PL,22892378.64,10.34
2024-06,Central Texas,PL,21354715.76,10.24
2024-06,Central Texas,PL,23191707.37,10.48
2024-06,North Texas,MTG,209253731.38,6.44
2024-06,North Texas,MTG,200380949.61,6.66
2024-06,North Texas,MTG,199299854.64,6.61
2024-06,North Texas,MTG,198710061.55,6.83
2024-06,North Texas,MTG,184609337.82,6.97
2024-06,North Texas,HELOC,68726523.38,7.09
2024-06,North Texas,HELOC,69995502.44,6.88
2024-06,North Texas,HELOC,65280897.28,7.08
2024-06,North Texas,HELOC,71371681.11,7.09
2024-06,North Texas,HELOC,68625164.01,7.01
2024-06,North Texas,PL,28639802.59,10.65
2024-06,North Texas,PL,29275658.36,10.39
2024-06,North Texas,PL,28875613.56,10.49
2024-06,North Texas,PL,28664484.59,10.57
2024-06,North Texas,PL,29411847.13,10.38
2024-06,East Texas,MTG,172501911.55,6.64
2024-06,East Texas,MTG,158417348.43,6.66
2024-06,East Texas,MTG,166038496.63,6.45
2024-06,East Texas,MTG,174467993.03,6.28
2024-06,East Texas,MTG,191158352.46,6.93
2024-06,East Texas,HELOC,54791973.83,7.1
2024-06,East Texas,HELOC,56483915.62,7.01
2024-06,East Texas,HELOC,56152857.44,7.08
2024-06,East Texas,HELOC,55292181.85,7.13
2024-06,East Texas,HELOC,51634416.6,7.11
2024-06,East Texas,PL,23360559.68,10.42
2024-06,East Texas,PL,22886461.56,10.57
2024-06,East Texas,PL,22714184.31,10.43
2024-06,East Texas,PL,24777871.92,10.39
2024-06,East Texas,PL,23424329.08,10.39
2024-06,West Texas,MTG,133986328.14,6.66
2024-06,West Texas,MTG,134400191.2,6.68
2024-06,West Texas,MTG,115114862.49,6.8
2024-06,West Texas,MTG,120107989.5,6.79
2024-06,West Texas,MTG,98285360.54,6.7
2024-06,West Texas,HELOC,39571184.1,6.94
2024-06,West Texas,HELOC,39290276.99,7.01
2024-06,West Texas,HELOC,40806042.62,6.89
2024-06,West Texas,HELOC,41898821.34,7.3
2024-06,West Texas,HELOC,41792785.49,7.22
2024-06,West Texas,PL,18430703.07,10.59
2024-06,West Texas,PL,19400173.37,10.33
2024-06,West Texas,PL,16164395.02,10.52
2024-06,West Texas,PL,17947832.77,10.52
2024-06,West Texas,PL,19424103.07,10.4
2024-07,South Texas,MTG,176041180.4,6.57
2024-07,South Texas,MTG,191423661.48,6.67
2024-07,South Texas,MTG,169431828.01,6.67
2024-07,South Texas,MTG,166401708.64,6.61
2024-07,South Texas,MTG,167492432.82,6.52
2024-07,South Texas,HELOC,55045970.03,7.41
2024-07,South Texas,HELOC,59608889.22,7.26
2024-07,South Texas,HELOC,60933550.15,7.4
2024-07,South Texas,HELOC,52087656.13,6.94
2024-07,South Texas,HELOC,54990752.81,7.05
2024-07,South Texas,PL,23541756.51,10.35
2024-07,South Texas,PL,24191604.39,10.43
2024-07,South Texas,PL,23013924.75,10.09
2024-07,South Texas,PL,22676382.36,10.34
2024-07,South Texas,PL,23608618.95,10.25
2024-07,Central Texas,MTG,150567936.03,6.55
2024-07,Central Texas,MTG,153852820.07,6.56
2024-07,Central Texas,MTG,147345052.32,6.52
2024-07,Central Texas,MTG,153603687.97,6.59
2024-07,Central Texas,MTG,163146252.63,6.78
2024-07,Central Texas,HELOC,51452175.81,7.0
2024-07,Central Texas,HELOC,52803292.33,7.22
2024-07,Central Texas,HELOC,52089796.65,7.36
2024-07,Central Texas,HELOC,53040643.36,7.26
2024-07,Central Texas,HELOC,52062427.66,7.22
2024-07,Central Texas,PL,20529744.88,10.35
2024-07,Central Texas,PL,21962425.86,10.47
2024-07,Central Texas,PL,22160236.2,10.59
2024-07,Central Texas,PL,19744507.46,10.27
2024-07,Central Texas,PL,21812687.22,10.31
2024-07,North Texas,MTG,228436551.24,6.8
2024-07,North Texas,MTG,197331659.43,6.64
2024-07,North Texas,MTG,193715176.52,6.72
2024-07,North Texas,MTG,199044474.46,6.65
2024-07,North Texas,MTG,195578266.85,6.92
2024-07,North Texas,HELOC,70165727.24,7.16
2024-07,North Texas,HELOC,61988433.18,7.2
2024-07,North Texas,HELOC,70675059.68,7.33
2024-07,North Texas,HELOC,68215489.92,7.33
2024-07,North Texas,HELOC,66172365.17,7.21
2024-07,North Texas,PL,26654119.02,10.46
2024-07,North Texas,PL,29167006.29,10.33
2024-07,North Texas,PL,26428284.2,10.43
2024-07,North Texas,PL,27221760.73,10.52
2024-07,North Texas,PL,26938514.07,10.68
2024-07,East Texas,MTG,151988397.92,6.91
2024-07,East Texas,MTG,156711839.74,6.45
2024-07,East Texas,MTG,165736359.2,6.68
2024-07,East Texas,MTG,153608998.49,6.47
2024-07,East Texas,MTG,163520235.71,6.87
2024-07,East Texas,HELOC,56286688.08,7.13
2024-07,East Texas,HELOC,55968370.32,7.12
2024-07,East Texas,HELOC,50242654.87,6.91
2024-07,East Texas,HELOC,53922322.01,7.1
2024-07,East Texas,HELOC,57084775.63,7.23
2024-07,East Texas,PL,23478011.1,10.38
2024-07,East Texas,PL,20995779.62,10.48
2024-07,East Texas,PL,23378056.47,10.06
2024-07,East Texas,PL,21678672.1,10.32
2024-07,East Texas,PL,22869532.58,10.3
2024-07,West Texas,MTG,120200828.84,6.69
2024-07,West Texas,MTG,119111694.71,6.61
2024-07,West Texas,MTG,114793174.47,6.56
2024-07,West Texas,MTG,123964646.92,6.81
2024-07,West Texas,MTG,113608478.41,6.95
2024-07,West Texas,HELOC,39237542.31,7.35
2024-07,West Texas,HELOC,38254965.13,6.82
2024-07,West Texas,HELOC,41387940.13,7.16
2024-07,West Texas,HELOC,40284528.04,7.02
2024-07,West Texas,HELOC,40077629.98,7.04
2024-07,West Texas,PL,16364290.81,10.55
2024-07,West Texas,PL,16972499.31,10.51
2024-07,West Texas,PL,16452392.14,10.37
2024-07,West Texas,PL,15300374.61,10.36
2024-07,West Texas,PL,12590834.58,10.33
2024-08,South Texas,MTG,170263132.41,6.82
2024-08,South Texas,MTG,168581899.1,6.79
2024-08,South Texas,MTG,151381902.05,6.73
2024-08,South Texas,MTG,155884474.86,6.56
2024-08,South Texas,MTG,169315510.07,6.93
2024-08,South Texas,HELOC,58113620.29,7.14
2024-08,South Texas,HELOC,56941408.83,7.03
2024-08,South Texas,HELOC,55368049.76,7.2
2024-08,South Texas,HELOC,52843918.44,7.23
2024-08,South Texas,HELOC,55834478.8,7.26
2024-08,South Texas,PL,24951366.82,10.19
2024-08,South Texas,PL,23023024.05,10.31
2024-08,South Texas,PL,21484090.04,10.29
2024-08,South Texas,PL,26801569.81,10.53
2024-08,South Texas,PL,26146609.96,10.56
2024-08,Central Texas,MTG,147223411.55,6.68
2024-08,Central Texas,MTG,159195925.62,6.81
2024-08,Central Texas,MTG,148703921.86,6.51
2024-08,Central Texas,MTG,183489850.69,6.72
2024-08,Central Texas,MTG,150968349.96,6.76
2024-08,Central Texas,HELOC,50571814.23,7.16
2024-08,Central Texas,HELOC,55160841.86,7.12
2024-08,Central Texas,HELOC,47811868.68,7.12
2024-08,Central Texas,HELOC,49906794.66,7.35
2024-08,Central Texas,HELOC,54813357.19,7.16
2024-08,Central Texas,PL,19776580.18,10.26
2024-08,Central Texas,PL,21393904.08,10.49
2024-08,Central Texas,PL,20906721.48,10.37
2024-08,Central Texas,PL,20634000.96,10.44
2024-08,Central Texas,PL,18396547.06,10.27
2024-08,North Texas,MTG,191006542.39,6.92
2024-08,North Texas,MTG,189325677.22,6.77
2024-08,North Texas,MTG,198688884.76,6.93
2024-08,North Texas,MTG,208013196.66,6.73
2024-08,North Texas,MTG,192370637.33,6.64
2024-08,North Texas,HELOC,64826810.33,7.07
2024-08,North Texas,HELOC,67210882.23,7.2
2024-08,North Texas,HELOC,67325403.57,7.33
2024-08,North Texas,HELOC,71138607.36,7.16
2024-08,North Texas,HELOC,68848391.31,7.09
2024-08,North Texas,PL,28793758.73,10.6
2024-08,North Texas,PL,28573019.96,10.45
2024-08,North Texas,PL,26477052.3,10.23
2024-08,North Texas,PL,27262453.49,10.67
2024-08,North Texas,PL,26925193.87,10.56
2024-08,East Texas,MTG,170045562.6,6.7
2024-08,East Texas,MTG,174297103.54,6.3
2024-08,East Texas,MTG,151445247.49,6.6
2024-08,East Texas,MTG,155072564.79,6.79
2024-08,East Texas,MTG,165060340.23,6.8
2024-08,East Texas,HELOC,55938244.48,7.0
2024-08,East Texas,HELOC,50495471.8,7.2
2024-08,East Texas,HELOC,52259303.78,6.9
2024-08,East Texas,HELOC,57064032.85,7.35
2024-08,East Texas,HELOC,58821482.67,7.17
2024-08,East Texas,PL,23344915.12,10.65
2024-08,East Texas,PL,21760730.26,10.61
2024-08,East Texas,PL,22906745.29,10.58
2024-08,East Texas,PL,22795116.28,10.63
2024-08,East Texas,PL,22841904.7,10.22
2024-08,West Texas,MTG,132767339.69,6.6
2024-08,West Texas,MTG,130977523.89,6.73
2024-08,West Texas,MTG,130284098.87,6.91
2024-08,West Texas,MTG,123571286.77,6.82
2024-08,West Texas,MTG,123503657.55,6.44
2024-08,West Texas,HELOC,40254990.66,6.97
2024-08,West Texas,HELOC,40413561.43,6.97
2024-08,West Texas,HELOC,36345144.18,7.38
2024-08,West Texas,HELOC,43108342.16,7.14
2024-08,West Texas,HELOC,40454305.95,7.1
2024-08,West Texas,PL,17337345.47,10.34
2024-08,West Texas,PL,17867175.33,10.4
2024-08,West Texas,PL,16100191.26,10.44
2024-08,West Texas,PL,15886066.46,10.49
2024-08,West Texas,PL,15953296.76,10.51
2024-09,South Texas,MTG,183149830.22,6.65
2024-09,South Texas,MTG,171030592.25,6.83
2024-09,South Texas,MTG,168283055.17,6.83
2024-09,South Texas,MTG,177204361.11,6.92
2024-09,South Texas,MTG,166751860.95,6.62
2024-09,South Texas,HELOC,56479191.62,7.01
2024-09,South Texas,HELOC,59095418.4,6.99
2024-09,South Texas,HELOC,64400973.04,7.35
2024-09,South Texas,HELOC,57439651.1,7.29
2024-09,South Texas,HELOC,52491518.2,7.54
2024-09,South Texas,PL,23179699.98,10.44
2024-09,South Texas,PL,21597551.64,10.53
2024-09,South Texas,PL,22534538.05,10.48
2024-09,South Texas,PL,23237125.2,10.3
2024-09,South Texas,PL,22912016.37,10.49
2024-09,Central Texas,MTG,143451775.47,6.65
2024-09,Central Texas,MTG,160954654.66,7.15
2024-09,Central Texas,MTG,159283493.61,6.62
2024-09,Central Texas,MTG,151681166.7,6.76
2024-09,Central Texas,MTG,151840369.67,6.9
2024-09,Central Texas,HELOC,52314151.86,7.3
2024-09,Central Texas,HELOC,50718400.04,7.36
2024-09,Central Texas,HELOC,51162274.66,7.01
2024-09,Central Texas,HELOC,58193692.55,6.89
2024-09,Central Texas,HELOC,49445515.23,7.07
2024-09,Central Texas,PL,24661104.26,10.73
2024-09,Central Texas,PL,23393131.6,10.41
2024-09,Central Texas,PL,24558443.93,10.52
2024-09,Central Texas,PL,22747300.63,10.49
2024-09,Central Texas,PL,21463888.21,10.42
2024-09,North Texas,MTG,196149877.13,6.85
2024-09,North Texas,MTG,201341435.26,6.76
2024-09,North Texas,MTG,211622353.01,6.31
2024-09,North Texas,MTG,202625622.3,6.87
2024-09,North Texas,MTG,208359302.89,6.75
2024-09,North Texas,HELOC,66635972.56,7.31
2024-09,North Texas,HELOC,70485711.57,7.11
2024-09,North Texas,HELOC,66813139.71,7.41
2024-09,North Texas,HELOC,59640131.13,7.06
2024-09,North Texas,HELOC,70409720.29,7.32
2024-09,North Texas,PL,28158145.0,10.39
2024-09,North Texas,PL,26402815.36,10.37
2024-09,North Texas,PL,29440098.76,10.37
2024-09,North Texas,PL,27631867.19,10.35
2024-09,North Texas,PL,28558556.02,10.38
2024-09,East Texas,MTG,162717137.79,6.51
2024-09,East Texas,MTG,149075168.67,6.76
2024-09,East Texas,MTG,151669068.4,7.08
2024-09,East Texas,MTG,145041774.79,6.64
2024-09,East Texas,MTG,163745790.6,6.71
2024-09,East Texas,HELOC,51219391.23,7.02
2024-09,East Texas,HELOC,51559865.37,7.12
2024-09,East Texas,HELOC,60387614.87,7.17
2024-09,East Texas,HELOC,58080529.07,7.24
2024-09,East Texas,HELOC,57873414.79,6.74
2024-09,East Texas,PL,22341022.31,10.66
2024-09,East Texas,PL,22006925.05,10.72
2024-09,East Texas,PL,24576457.53,10.39
2024-09,East Texas,PL,22092640.43,10.31
2024-09,East Texas,PL,21934602.04,10.28
2024-09,West Texas,MTG,124403340.58,6.54
2024-09,West Texas,MTG,125977637.1,6.85
2024-09,West Texas,MTG,105593200.31,6.99
2024-09,West Texas,MTG,125166523.61,6.87
2024-09,West Texas,MTG,113716053.14,6.85
2024-09,West Texas,HELOC,43560527.0,7.15
2024-09,West Texas,HELOC,46187114.03,7.17
2024-09,West Texas,HELOC,43603704.05,7.2
2024-09,West Texas,HELOC,41937911.25,6.91
2024-09,West Texas,HELOC,41294507.87,7.05
2024-09,West Texas,PL,15684229.89,10.72
2024-09,West Texas,PL,16475014.96,10.31
2024-09,West Texas,PL,16293313.24,10.26
2024-09,West Texas,PL,18534583.36,10.36
2024-09,West Texas,PL,17403852.69,10.66
2024-10,South Texas,MTG,170998625.87,6.86
2024-10,South Texas,MTG,166229225.51,7.15
2024-10,South Texas,MTG,183927421.21,6.75
2024-10,South Texas,MTG,168544496.42,6.76
2024-10,South Texas,MTG,172440146.5,7.07
2024-10,South Texas,HELOC,54823395.83,7.2
2024-10,South Texas,HELOC,58444985.8,7.16
2024-10,South Texas,HELOC,58174150.04,7.16
2024-10,South Texas,HELOC,61119198.2,7.27
2024-10,South Texas,HELOC,59756734.83,6.72
2024-10,South Texas,PL,24749743.59,10.23
2024-10,South Texas,PL,25182900.2,10.7
2024-10,South Texas,PL,23217201.11,10.44
2024-10,South Texas,PL,23625805.37,10.67
2024-10,South Texas,PL,24493784.86,10.74
2024-10,Central Texas,MTG,161673787.83,6.82
2024-10,Central Texas,MTG,158563861.04,6.9
2024-10,Central Texas,MTG,142310824.22,6.79
2024-10,Central Texas,MTG,157319582.01,6.89
2024-10,Central Texas,MTG,156260685.55,6.62
2024-10,Central Texas,HELOC,52672052.02,7.02
2024-10,Central Texas,HELOC,46874213.36,7.29
2024-10,Central Texas,HELOC,54387184.72,7.25
2024-10,Central Texas,HELOC,56558785.27,7.08
2024-10,Central Texas,HELOC,48356657.57,7.17
2024-10,Central Texas,PL,21503124.63,10.35
2024-10,Central Texas,PL,21837688.56,10.39
2024-10,Central Texas,PL,19642493.4,10.41
2024-10,Central Texas,PL,20517031.04,10.51
2024-10,Central Texas,PL,21117456.55,10.65
2024-10,North Texas,MTG,216259794.61,6.88
2024-10,North Texas,MTG,187865764.36,7.01
2024-10,North Texas,MTG,216006484.05,6.78
2024-10,North Texas,MTG,213731335.44,6.7
2024-10,North Texas,MTG,185028786.59,6.67
2024-10,North Texas,HELOC,72462902.6,6.96
2024-10,North Texas,HELOC,67273563.85,7.19
2024-10,North Texas,HELOC,65736077.27,7.11
2024-10,North Texas,HELOC,67491747.4,7.1
2024-10,North Texas,HELOC,63008824.51,7.21
2024-10,North Texas,PL,29372958.23,10.61
2024-10,North Texas,PL,27019080.67,10.29
2024-10,North Texas,PL,27676015.15,10.72
2024-10,North Texas,PL,28838247.6,10.59
2024-10,North Texas,PL,29143571.19,10.54
2024-10,East Texas,MTG,167810476.93,6.88
2024-10,East Texas,MTG,161809505.06,6.57
2024-10,East Texas,MTG,173231972.41,6.97
2024-10,East Texas,MTG,156660912.55,6.9
2024-10,East Texas,MTG,181851891.42,6.78
2024-10,East Texas,HELOC,53120993.45,7.2
2024-10,East Texas,HELOC,53923398.1,7.09
2024-10,East Texas,HELOC,56874552.2,6.94
2024-10,East Texas,HELOC,51243213.23,7.18
2024-10,East Texas,HELOC,55508074.38,7.23
2024-10,East Texas,PL,25500281.74,10.5
2024-10,East Texas,PL,23903965.19,10.33
2024-10,East Texas,PL,24116172.08,10.4
2024-10,East Texas,PL,23245526.04,10.46
2024-10,East Texas,PL,24447467.79,10.28
2024-10,West Texas,MTG,102300852.29,6.75
2024-10,West Texas,MTG,127066781.31,6.8
2024-10,West Texas,MTG,133939838.14,6.85
2024-10,West Texas,MTG,117775365.01,6.43
2024-10,West Texas,MTG,120714189.89,6.93
2024-10,West Texas,HELOC,39773856.65,7.18
2024-10,West Texas,HELOC,42214080.76,7.03
2024-10,West Texas,HELOC,42819707.69,7.43
2024-10,West Texas,HELOC,40431559.94,7.01
2024-10,West Texas,HELOC,40750196.92,6.85
2024-10,West Texas,PL,17483629.08,10.55
2024-10,West Texas,PL,19157045.37,10.45
2024-10,West Texas,PL,17573106.67,10.35
2024-10,West Texas,PL,16616966.1,10.25
2024-10,West Texas,PL,16819012.97,10.43
2024-11,South Texas,MTG,182692797.89,6.71
2024-11,South Texas,MTG,180750108.16,6.75
2024-11,South Texas,MTG,177016505.51,6.81
2024-11,South Texas,MTG,180364706.48,6.91
2024-11,South Texas,MTG,178914212.69,6.75
2024-11,South Texas,HELOC,59457577.66,7.09
2024-11,South Texas,HELOC,58920266.72,7.5
2024-11,South Texas,HELOC,57261963.72,7.16
2024-11,South Texas,HELOC,58837534.01,7.16
2024-11,South Texas,HELOC,59006282.07,7.24
2024-11,South Texas,PL,22862281.12,10.66
2024-11,South Texas,PL,25790728.5,10.31
2024-11,South Texas,PL,22163653.41,10.35
2024-11,South Texas,PL,24696666.92,10.89
2024-11,South Texas,PL,25679071.21,10.23
2024-11,Central Texas,MTG,155793100.46,6.79
2024-11,Central Texas,MTG,164283151.99,6.6
2024-11,Central Texas,MTG,160785087.95,6.69
2024-11,Central Texas,MTG,152066172.94,6.84
2024-11,Central Texas,MTG,168964894.56,6.93
2024-11,Central Texas,HELOC,55723159.05,7.13
2024-11,Central Texas,HELOC,56143649.28,7.25
2024-11,Central Texas,HELOC,54401825.65,7.11
2024-11,Central Texas,HELOC,52509371.62,7.21
2024-11,Central Texas,HELOC,61319623.4,7.25
2024-11,Central Texas,PL,21736014.37,10.38
2024-11,Central Texas,PL,21885291.73,10.83
2024-11,Central Texas,PL,22000929.19,10.64
2024-11,Central Texas,PL,22030089.69,10.54
2024-11,Central Texas,PL,23489681.59,10.41
2024-11,North Texas,MTG,201229995.11,7.05
2024-11,North Texas,MTG,215861336.05,6.92
2024-11,North Texas,MTG,214085486.64,6.87
2024-11,North Texas,MTG,225159982.32,6.81
2024-11,North Texas,MTG,212195361.3,6.58
2024-11,North Texas,HELOC,66525117.94,7.02
2024-11,North Texas,HELOC,72822190.75,6.82
2024-11,North Texas,HELOC,67793069.93,6.75
2024-11,North Texas,HELOC,66506136.31,7.13
2024-11,North Texas,HELOC,73154613.28,7.26
2024-11,North Texas,PL,27708573.1,10.66
2024-11,North Texas,PL,28772290.32,10.51
2024-11,North Texas,PL,27246660.62,10.35
2024-11,North Texas,PL,27718628.38,10.51
2024-11,North Texas,PL,28847357.16,10.73
2024-11,East Texas,MTG,174465496.51,6.39
2024-11,East Texas,MTG,173363777.89,6.58
2024-11,East Texas,MTG,162306261.68,6.68
2024-11,East Texas,MTG,165029955.09,6.59
2024-11,East Texas,MTG,172831338.03,6.59
2024-11,East Texas,HELOC,58070002.82,7.54
2024-11,East Texas,HELOC,53011922.82,7.16
2024-11,East Texas,HELOC,49429627.91,7.15
2024-11,East Texas,HELOC,58928151.46,7.31
2024-11,East Texas,HELOC,57232091.19,7.33
2024-11,East Texas,PL,26932568.17,10.76
2024-11,East Texas,PL,23096848.84,10.28
2024-11,East Texas,PL,23242310.73,10.36
2024-11,East Texas,PL,24314184.43,10.32
2024-11,East Texas,PL,23658971.96,10.63
2024-11,West Texas,MTG,125093737.14,6.66
2024-11,West Texas,MTG,136573326.52,6.52
2024-11,West Texas,MTG,123049844.5,6.79
2024-11,West Texas,MTG,126143177.93,6.83
2024-11,West Texas,MTG,131493958.38,6.79
2024-11,West Texas,HELOC,40895825.15,7.14
2024-11,West Texas,HELOC,40165452.59,7.32
2024-11,West Texas,HELOC,40060414.56,7.33
2024-11,West Texas,HELOC,42056997.25,7.12
2024-11,West Texas,HELOC,43855221.65,7.09
2024-11,West Texas,PL,18297730.05,10.53
2024-11,West Texas,PL,16754594.14,10.58
2024-11,West Texas,PL,18183237.16,10.67
2024-11,West Texas,PL,18707683.77,10.57
2024-11,West Texas,PL,16090511.31,10.87
2024-12,South Texas,MTG,171867454.1,6.96
2024-12,South Texas,MTG,188381554.35,6.64
2024-12,South Texas,MTG,183381291.55,6.81
2024-12,South Texas,MTG,196250244.44,6.71
2024-12,South Texas,MTG,182142494.94,6.47
2024-12,South Texas,HELOC,66704288.38,7.06
2024-12,South Texas,HELOC,62480732.59,7.2
2024-12,South Texas,HELOC,61205997.1,7.34
2024-12,South Texas,HELOC,66513787.38,7.26
2024-12,South Texas,HELOC,63465234.05,7.27
2024-12,South Texas,PL,26896914.28,10.45
2024-12,South Texas,PL,26969238.19,10.69
2024-12,South Texas,PL,26978171.26,10.42
2024-12,South Texas,PL,25414577.96,10.56
2024-12,South Texas,PL,23911447.44,10.76
2024-12,Central Texas,MTG,165939511.2,6.86
2024-12,Central Texas,MTG,160856960.04,6.62
2024-12,Central Texas,MTG,160613731.03,6.85
2024-12,Central Texas,MTG,172110859.31,6.84
2024-12,Central Texas,MTG,169170516.15,6.77
2024-12,Central Texas,HELOC,56838745.7,7.44
2024-12,Central Texas,HELOC,57464368.33,7.34
2024-12,Central Texas,HELOC,56232049.2,6.99
2024-12,Central Texas,HELOC,52216000.41,7.29
2024-12,Central Texas,HELOC,55317182.84,7.29
2024-12,Central Texas,PL,25158029.27,10.63
2024-12,Central Texas,PL,24636107.76,10.53
2024-12,Central Texas,PL,22053480.4,10.51
2024-12,Central Texas,PL,22056560.23,10.75
2024-12,Central Texas,PL,24050488.85,10.6
2024-12,North Texas,MTG,223298488.82,6.52
2024-12,North Texas,MTG,217468241.56,6.62
2024-12,North Texas,MTG,212109698.71,6.77
2024-12,North Texas,MTG,218130629.51,6.85
2024-12,North Texas,MTG,224281054.56,6.73
2024-12,North Texas,HELOC,72852343.17,7.24
2024-12,North Texas,HELOC,65819129.19,7.08
2024-12,North Texas,HELOC,70275365.9,7.39
2024-12,North Texas,HELOC,72116169.17,7.04
2024-12,North Texas,HELOC,70304051.32,7.52
2024-12,North Texas,PL,29607779.17,10.47
2024-12,North Texas,PL,30083424.55,10.63
2024-12,North Texas,PL,28898539.57,10.6
2024-12,North Texas,PL,29057638.13,10.63
2024-12,North Texas,PL,29680866.45,10.59
2024-12,East Texas,MTG,168442348.08,6.7
2024-12,East Texas,MTG,183784475.74,6.81
2024-12,East Texas,MTG,177840312.68,6.77
2024-12,East Texas,MTG,183363540.97,6.73
2024-12,East Texas,MTG,174054588.84,6.94
2024-12,East Texas,HELOC,61943903.1,7.14
2024-12,East Texas,HELOC,64304051.95,7.27
2024-12,East Texas,HELOC,55296215.21,7.28
2024-12,East Texas,HELOC,57276002.36,7.29
2024-12,East Texas,HELOC,58296431.26,7.23
2024-12,East Texas,PL,23204258.28,10.67
2024-12,East Texas,PL,22898590.79,10.35
2024-12,East Texas,PL,24802950.44,10.76
2024-12,East Texas,PL,23903008.63,10.63
2024-12,East Texas,PL,25685425.22,10.64
2024-12,West Texas,MTG,126349125.4,6.66
2024-12,West Texas,MTG,109282071.91,6.78
2024-12,West Texas,MTG,139752786.32,6.65
2024-12,West Texas,MTG,135451888.63,6.68
2024-12,West Texas,MTG,130104653.19,6.93
2024-12,West Texas,HELOC,41071513.69,7.25
2024-12,West Texas,HELOC,41804725.99,7.33
2024-12,West Texas,HELOC,43755951.51,7.23
2024-12,West Texas,HELOC,47725049.88,7.32
2024-12,West Texas,HELOC,40978944.4,7.21
2024-12,West Texas,PL,17842626.52,10.53
2024-12,West Texas,PL,21093136.6,10.58
2024-12,West Texas,PL,15392621.79,10.44
2024-12,West Texas,PL,15522034.89,10.47
2024-12,West Texas,PL,15453362.21,10.39
2025-01,South Texas,MTG,174107734.87,6.9
2025-01,South Texas,MTG,187799082.9,6.89
2025-01,South Texas,MTG,186853266.14,6.63
2025-01,South Texas,MTG,192415920.96,7.13
2025-01,South Texas,MTG,191477141.84,6.78
2025-01,South Texas,HELOC,58313874.68,7.1
2025-01,South Texas,HELOC,63957195.18,7.4
2025-01,South Texas,HELOC,63380674.74,7.36
2025-01,South Texas,HELOC,64721110.94,7.32
2025-01,South Texas,HELOC,60622655.43,7.27
2025-01,South Texas,PL,25022059.5,10.54
2025-01,South Texas,PL,26496111.17,10.79
2025-01,South Texas,PL,24445366.79,10.61
2025-01,South Texas,PL,27934077.49,10.65
2025-01,South Texas,PL,27123713.56,10.63
2025-01,Central Texas,MTG,180699816.18,6.68
2025-01,Central Texas,MTG,156541465.78,6.84
2025-01,Central Texas,MTG,149564346.84,7.02
2025-01,Central Texas,MTG,180001242.53,6.77
2025-01,Central Texas,MTG,165677870.4,6.83
2025-01,Central Texas,HELOC,56494330.54,7.26
2025-01,Central Texas,HELOC,58012964.91,7.21
2025-01,Central Texas,HELOC,59167848.5,7.31
2025-01,Central Texas,HELOC,54517378.25,7.44
2025-01,Central Texas,HELOC,52263497.63,7.23
2025-01,Central Texas,PL,24682925.33,10.43
2025-01,Central Texas,PL,23861223.14,10.62
2025-01,Central Texas,PL,22398623.74,10.53
2025-01,Central Texas,PL,23278648.79,10.46
2025-01,Central Texas,PL,26351372.14,10.43
2025-01,North Texas,MTG,225007735.58,6.78
2025-01,North Texas,MTG,206183637.23,6.86
2025-01,North Texas,MTG,221805203.39,6.98
2025-01,North Texas,MTG,230023748.93,7.28
2025-01,North Texas,MTG,218217990.76,6.74
2025-01,North Texas,HELOC,73346410.62,7.2
2025-01,North Texas,HELOC,74765686.03,7.05
2025-01,North Texas,HELOC,79092791.27,7.37
2025-01,North Texas,HELOC,66935775.59,7.13
2025-01,North Texas,HELOC,74436030.78,7.42
2025-01,North Texas,PL,28404614.48,10.65
2025-01,North Texas,PL,27560736.68,10.53
2025-01,North Texas,PL,31384970.07,10.46
2025-01,North Texas,PL,28111258.64,10.56
2025-01,North Texas,PL,29239012.93,10.63
2025-01,East Texas,MTG,170436579.31,6.72
2025-01,East Texas,MTG,160215496.31,6.87
2025-01,East Texas,MTG,176956372.76,6.66
2025-01,East Texas,MTG,180148705.63,6.99
2025-01,East Texas,MTG,176464405.71,6.88
2025-01,East Texas,HELOC,60288106.15,7.06
2025-01,East Texas,HELOC,65637929.86,7.17
2025-01,East Texas,HELOC,61436521.01,7.36
2025-01,East Texas,HELOC,59049387.02,7.33
2025-01,East Texas,HELOC,60205630.07,7.03
2025-01,East Texas,PL,24363064.29,10.45
2025-01,East Texas,PL,24201223.87,10.34
2025-01,East Texas,PL,26186447.31,10.78
2025-01,East Texas,PL,26000908.89,10.73
2025-01,East Texas,PL,24347611.62,10.44
2025-01,West Texas,MTG,124448676.62,6.94
2025-01,West Texas,MTG,133499527.52,6.83
2025-01,West Texas,MTG,143112296.94,6.9
2025-01,West Texas,MTG,123908041.31,6.74
2025-01,West Texas,MTG,137593899.74,7.0
2025-01,West Texas,HELOC,45473694.04,7.52
2025-01,West Texas,HELOC,48723674.85,7.31
2025-01,West Texas,HELOC,41302911.37,7.04
2025-01,West Texas,HELOC,42656508.11,7.35
2025-01,West Texas,HELOC,49298594.59,7.3
2025-01,West Texas,PL,19718675.72,10.5
2025-01,West Texas,PL,19036233.63,10.66
2025-01,West Texas,PL,15783279.38,10.48
2025-01,West Texas,PL,19444897.71,10.58
2025-01,West Texas,PL,16762128.42,10.18
2025-02,South Texas,MTG,185707973.29,6.85
2025-02,South Texas,MTG,181044693.45,6.88
2025-02,South Texas,MTG,193557480.73,6.96
2025-02,South Texas,MTG,167796729.68,6.66
2025-02,South Texas,MTG,186258396.16,6.95
2025-02,South Texas,HELOC,64467702.04,7.33
2025-02,South Texas,HELOC,61849746.17,7.21
2025-02,South Texas,HELOC,60815012.19,7.38
2025-02,South Texas,HELOC,60238533.64,7.39
2025-02,South Texas,HELOC,63623559.71,7.25
2025-02,South Texas,PL,25429112.0,10.36
2025-02,South Texas,PL,25440434.05,10.51
2025-02,South Texas,PL,23288719.61,10.53
2025-02,South Texas,PL,27405446.71,10.65
2025-02,South Texas,PL,25629742.66,10.57
2025-02,Central Texas,MTG,165094518.88,6.88
2025-02,Central Texas,MTG,183960970.41,7.01
2025-02,Central Texas,MTG,174787148.75,6.79
2025-02,Central Texas,MTG,176849445.54,6.61
2025-02,Central Texas,MTG,167828818.66,6.95
2025-02,Central Texas,HELOC,58921263.64,7.36
2025-02,Central Texas,HELOC,57584492.07,7.23
2025-02,Central Texas,HELOC,58313927.91,7.12
2025-02,Central Texas,HELOC,54165968.21,7.27
2025-02,Central Texas,HELOC,57219592.93,6.99
2025-02,Central Texas,PL,24193932.98,10.68
2025-02,Central Texas,PL,23528393.45,10.92
2025-02,Central Texas,PL,22771331.12,10.51
2025-02,Central Texas,PL,23131166.37,10.55
2025-02,Central Texas,PL,23214093.98,10.35
2025-02,North Texas,MTG,212431065.33,6.85
2025-02,North Texas,MTG,228407148.74,7.19
2025-02,North Texas,MTG,229369265.08,6.74
2025-02,North Texas,MTG,211087713.5,6.84
2025-02,North Texas,MTG,233411030.0,6.84
2025-02,North Texas,HELOC,68467477.53,7.18
2025-02,North Texas,HELOC,74721168.01,7.36
2025-02,North Texas,HELOC,71849350.0,7.36
2025-02,North Texas,HELOC,65630483.39,7.28
2025-02,North Texas,HELOC,75032056.26,7.14
2025-02,North Texas,PL,29142076.83,10.28
2025-02,North Texas,PL,32174869.49,10.45
2025-02,North Texas,PL,30488804.1,10.65
2025-02,North Texas,PL,32077584.94,10.54
2025-02,North Texas,PL,29513212.76,10.59
2025-02,East Texas,MTG,191106722.49,6.83
2025-02,East Texas,MTG,170956178.27,6.63
2025-02,East Texas,MTG,168558323.54,6.99
2025-02,East Texas,MTG,176664379.71,6.77
2025-02,East Texas,MTG,173106294.99,6.87
2025-02,East Texas,HELOC,59131634.72,7.22
2025-02,East Texas,HELOC,63897971.78,7.49
2025-02,East Texas,HELOC,55019934.98,7.31
2025-02,East Texas,HELOC,57519413.7,7.22
2025-02,East Texas,HELOC,60777835.16,7.23
2025-02,East Texas,PL,25225574.85,10.66
2025-02,East Texas,PL,25305721.0,10.46
2025-02,East Texas,PL,24151000.49,10.34
2025-02,East Texas,PL,23870099.63,10.85
2025-02,East Texas,PL,23947495.53,10.38
2025-02,West Texas,MTG,135179350.76,6.84
2025-02,West Texas,MTG,130539660.87,7.07
2025-02,West Texas,MTG,137242140.08,6.78
2025-02,West Texas,MTG,128479716.74,6.78
2025-02,West Texas,MTG,140172656.59,6.81
2025-02,West Texas,HELOC,38720539.49,7.25
2025-02,West Texas,HELOC,39488922.0,7.59
2025-02,West Texas,HELOC,41202996.26,7.24
2025-02,West Texas,HELOC,44874608.2,7.22
2025-02,West Texas,HELOC,43229908.8,7.32
2025-02,West Texas,PL,20282769.95,10.68
2025-02,West Texas,PL,20223142.35,10.4
2025-02,West Texas,PL,18771703.29,10.58
2025-02,West Texas,PL,18813864.11,10.77
2025-02,West Texas,PL,18099013.56,10.5
2025-03,South Texas,MTG,192600055.81,6.61
2025-03,South Texas,MTG,185662560.19,6.86
2025-03,South Texas,MTG,179511001.09,7.04
2025-03,South Texas,MTG,178234065.78,6.86
2025-03,South Texas,MTG,190432643.66,7.08
2025-03,South Texas,HELOC,62566406.91,7.42
2025-03,South Texas,HELOC,64699862.4,7.3
2025-03,South Texas,HELOC,59329535.99,7.06
2025-03,South Texas,HELOC,62917592.42,7.2
2025-03,South Texas,HELOC,65355859.49,7.39
2025-03,South Texas,PL,25851768.01,10.41
2025-03,South Texas,PL,26720951.19,10.43
2025-03,South Texas,PL,25134451.85,10.43
2025-03,South Texas,PL,25909405.48,10.76
2025-03,South Texas,PL,26076230.67,10.51
2025-03,Central Texas,MTG,155284271.4,6.96
2025-03,Central Texas,MTG,161991164.32,6.9
2025-03,Central Texas,MTG,165826838.23,7.01
2025-03,Central Texas,MTG,167599678.24,6.87
2025-03,Central Texas,MTG,173386530.1,7.2
2025-03,Central Texas,HELOC,59003609.38,7.27
2025-03,Central Texas,HELOC,56347862.56,7.2
2025-03,Central Texas,HELOC,53488281.48,7.2
2025-03,Central Texas,HELOC,54021821.7,7.38
2025-03,Central Texas,HELOC,53124684.02,7.48
2025-03,Central Texas,PL,24414336.56,10.58
2025-03,Central Texas,PL,23474676.84,10.5
2025-03,Central Texas,PL,23811884.09,10.74
2025-03,Central Texas,PL,22595333.0,10.35
2025-03,Central Texas,PL,24353301.4,10.63
2025-03,North Texas,MTG,205881573.72,6.77
2025-03,North Texas,MTG,208231424.46,6.77
2025-03,North Texas,MTG,213050218.14,6.84
2025-03,North Texas,MTG,210106220.03,6.77
2025-03,North Texas,MTG,213904303.83,6.91
2025-03,North Texas,HELOC,71038898.03,7.45
2025-03,North Texas,HELOC,73512050.79,7.04
2025-03,North Texas,HELOC,73558970.94,7.37
2025-03,North Texas,HELOC,70683582.74,7.06
2025-03,North Texas,HELOC,72011987.92,7.28
2025-03,North Texas,PL,28592853.72,10.36
2025-03,North Texas,PL,29885469.58,10.55
2025-03,North Texas,PL,29473329.81,10.57
2025-03,North Texas,PL,28616441.05,10.51
2025-03,North Texas,PL,30661567.81,10.53
2025-03,East Texas,MTG,163356764.96,6.81
2025-03,East Texas,MTG,168773091.03,6.92
2025-03,East Texas,MTG,181274053.83,6.63
2025-03,East Texas,MTG,185235633.94,6.71
2025-03,East Texas,MTG,192437157.82,6.87
2025-03,East Texas,HELOC,55728991.91,7.11
2025-03,East Texas,HELOC,60512458.28,7.22
2025-03,East Texas,HELOC,59178210.67,7.52
2025-03,East Texas,HELOC,57370440.21,7.29
2025-03,East Texas,HELOC,63727705.86,7.32
2025-03,East Texas,PL,22770151.75,10.66
2025-03,East Texas,PL,23324651.59,10.79
2025-03,East Texas,PL,23749820.66,11.03
2025-03,East Texas,PL,26612625.15,10.46
2025-03,East Texas,PL,24803422.42,10.69
2025-03,West Texas,MTG,138508904.31,6.95
2025-03,West Texas,MTG,142725391.38,6.86
2025-03,West Texas,MTG,128155501.03,6.83
2025-03,West Texas,MTG,139181319.13,6.93
2025-03,West Texas,MTG,134077513.04,7.0
2025-03,West Texas,HELOC,37665496.12,7.33
2025-03,West Texas,HELOC,44474360.01,7.53
2025-03,West Texas,HELOC,39232889.4,7.51
2025-03,West Texas,HELOC,44044880.73,7.35
2025-03,West Texas,HELOC,48846409.71,7.36
2025-03,West Texas,PL,18758232.59,10.62
2025-03,West Texas,PL,17653424.56,10.58
2025-03,West Texas,PL,17363381.27,10.57
2025-03,West Texas,PL,15337858.86,10.64
2025-03,West Texas,PL,18105600.66,10.53
2025-04,South Texas,MTG,186477822.76,6.68
2025-04,South Texas,MTG,201863429.97,6.88
2025-04,South Texas,MTG,183187400.1,6.76
2025-04,South Texas,MTG,184715517.44,7.11
2025-04,South Texas,MTG,193823245.88,7.03
2025-04,South Texas,HELOC,63139196.86,7.25
2025-04,South Texas,HELOC,57149510.5,7.27
2025-04,South Texas,HELOC,60792385.61,7.46
2025-04,South Texas,HELOC,62428171.33,7.54
2025-04,South Texas,HELOC,65092465.62,7.23
2025-04,South Texas,PL,23381088.5,10.81
2025-04,South Texas,PL,27324231.53,10.4
2025-04,South Texas,PL,27511550.02,10.66
2025-04,South Texas,PL,25825856.87,10.84
2025-04,South Texas,PL,27305856.47,10.7
2025-04,Central Texas,MTG,170308953.59,6.99
2025-04,Central Texas,MTG,162449483.1,6.89
2025-04,Central Texas,MTG,157929145.61,6.85
2025-04,Central Texas,MTG,162750295.09,6.8
2025-04,Central Texas,MTG,167280718.52,6.85
2025-04,Central Texas,HELOC,56856704.16,7.06
2025-04,Central Texas,HELOC,55009935.62,7.32
2025-04,Central Texas,HELOC,54418112.28,7.27
2025-04,Central Texas,HELOC,50594261.97,7.35
2025-04,Central Texas,HELOC,57292817.95,7.37
2025-04,Central Texas,PL,24360908.82,10.63
2025-04,Central Texas,PL,23660851.48,10.62
2025-04,Central Texas,PL,23921938.4,10.36
2025-04,Central Texas,PL,21945523.79,10.84
2025-04,Central Texas,PL,19986955.22,10.58
2025-04,North Texas,MTG,222725474.64,6.89
2025-04,North Texas,MTG,208529900.36,6.92
2025-04,North Texas,MTG,208996918.38,6.9
2025-04,North Texas,MTG,206024570.67,7.07
2025-04,North Texas,MTG,224984384.29,6.88
2025-04,North Texas,HELOC,66565531.74,7.22
2025-04,North Texas,HELOC,70173034.02,7.38
2025-04,North Texas,HELOC,67700960.33,7.18
2025-04,North Texas,HELOC,72257028.41,7.44
2025-04,North Texas,HELOC,68860217.86,7.1
2025-04,North Texas,PL,33573897.75,10.72
2025-04,North Texas,PL,29134995.3,10.73
2025-04,North Texas,PL,29313179.21,10.73
2025-04,North Texas,PL,29667991.5,10.61
2025-04,North Texas,PL,29326772.66,10.38
2025-04,East Texas,MTG,192717854.09,6.76
2025-04,East Texas,MTG,163034787.81,6.87
2025-04,East Texas,MTG,166621753.68,6.89
2025-04,East Texas,MTG,181464874.64,7.05
2025-04,East Texas,MTG,182607576.49,6.85
2025-04,East Texas,HELOC,58573775.48,7.36
2025-04,East Texas,HELOC,53151637.73,7.39
2025-04,East Texas,HELOC,54053102.14,7.61
2025-04,East Texas,HELOC,57211454.75,7.27
2025-04,East Texas,HELOC,56115878.7,7.21
2025-04,East Texas,PL,27186366.96,10.74
2025-04,East Texas,PL,22407246.94,10.83
2025-04,East Texas,PL,25835302.84,10.56
2025-04,East Texas,PL,24727121.18,10.6
2025-04,East Texas,PL,26809474.88,10.48
2025-04,West Texas,MTG,130464095.49,6.84
2025-04,West Texas,MTG,116252636.36,7.23
2025-04,West Texas,MTG,118515900.79,6.93
2025-04,West Texas,MTG,113483694.54,6.84
2025-04,West Texas,MTG,132947719.39,6.78
2025-04,West Texas,HELOC,44810405.55,7.26
2025-04,West Texas,HELOC,46530247.54,7.5
2025-04,West Texas,HELOC,41289765.72,7.31
2025-04,West Texas,HELOC,43600362.68,7.39
2025-04,West Texas,HELOC,43093145.99,7.33
2025-04,West Texas,PL,17633241.91,10.62
2025-04,West Texas,PL,19559925.24,10.7
2025-04,West Texas,PL,18814069.55,10.71
2025-04,West Texas,PL,17745239.03,10.65
2025-04,West Texas,PL,16581032.9,10.79
2025-05,South Texas,MTG,154953356.11,6.91
2025-05,South Texas,MTG,190268063.79,6.72
2025-05,South Texas,MTG,183598019.26,6.82
2025-05,South Texas,MTG,176680770.61,7.06
2025-05,South Texas,MTG,181782512.33,6.61
2025-05,South Texas,HELOC,57070723.38,7.47
2025-05,South Texas,HELOC,61346828.15,7.58
2025-05,South Texas,HELOC,65047942.78,7.27
2025-05,South Texas,HELOC,67509713.42,7.32
2025-05,South Texas,HELOC,57111994.4,7.22
2025-05,South Texas,PL,22179093.62,10.86
2025-05,South Texas,PL,26993452.49,10.47
2025-05,South Texas,PL,24715144.64,10.63
2025-05,South Texas,PL,23799558.68,10.36
2025-05,South Texas,PL,24737053.0,10.57
2025-05,Central Texas,MTG,158504298.83,6.95
2025-05,Central Texas,MTG,174865676.93,6.87
2025-05,Central Texas,MTG,163533986.99,7.03
2025-05,Central Texas,MTG,166987286.34,6.83
2025-05,Central Texas,MTG,162867394.11,7.0
2025-05,Central Texas,HELOC,50614945.99,7.51
2025-05,Central Texas,HELOC,58294766.72,7.21
2025-05,Central Texas,HELOC,54581010.06,7.42
2025-05,Central Texas,HELOC,52363157.53,7.39
2025-05,Central Texas,HELOC,54489766.88,7.1
2025-05,Central Texas,PL,23073951.64,10.45
2025-05,Central Texas,PL,23674003.56,10.52
2025-05,Central Texas,PL,22298393.21,10.83
2025-05,Central Texas,PL,23120477.06,10.46
2025-05,Central Texas,PL,21231354.29,10.53
2025-05,North Texas,MTG,210551796.75,6.97
2025-05,North Texas,MTG,199412079.26,6.74
2025-05,North Texas,MTG,209534250.65,6.89
2025-05,North Texas,MTG,226414942.99,6.93
2025-05,North Texas,MTG,223328275.45,6.74
2025-05,North Texas,HELOC,64280361.18,7.15
2025-05,North Texas,HELOC,72567389.34,7.58
2025-05,North Texas,HELOC,66653461.64,7.25
2025-05,North Texas,HELOC,65493057.27,7.05
2025-05,North Texas,HELOC,71155235.09,7.35
2025-05,North Texas,PL,28763109.98,10.41
2025-05,North Texas,PL,30799945.85,10.54
2025-05,North Texas,PL,29417033.03,10.4
2025-05,North Texas,PL,28511843.51,10.66
2025-05,North Texas,PL,29158844.02,10.64
2025-05,East Texas,MTG,175450702.43,6.75
2025-05,East Texas,MTG,172776353.45,6.94
2025-05,East Texas,MTG,173085054.16,6.93
2025-05,East Texas,MTG,159541085.03,6.72
2025-05,East Texas,MTG,151071586.33,7.04
2025-05,East Texas,HELOC,59482972.53,7.45
2025-05,East Texas,HELOC,57920369.89,7.0
2025-05,East Texas,HELOC,53919868.52,7.35
2025-05,East Texas,HELOC,57406554.01,7.29
2025-05,East Texas,HELOC,58106751.61,7.32
2025-05,East Texas,PL,23900963.08,10.52
2025-05,East Texas,PL,24977513.73,10.56
2025-05,East Texas,PL,22086688.65,10.5
2025-05,East Texas,PL,23314417.26,10.77
2025-05,East Texas,PL,23697165.0,10.59
2025-05,West Texas,MTG,114762029.18,7.04
2025-05,West Texas,MTG,120132430.61,6.9
2025-05,West Texas,MTG,139321647.69,7.0
2025-05,West Texas,MTG,111345713.57,6.65
2025-05,West Texas,MTG,125421205.95,6.74
2025-05,West Texas,HELOC,43945640.24,7.33
2025-05,West Texas,HELOC,42496154.31,7.21
2025-05,West Texas,HELOC,47224150.97,7.75
2025-05,West Texas,HELOC,41164245.83,7.37
2025-05,West Texas,HELOC,42292252.03,7.28
2025-05,West Texas,PL,16459911.92,10.46
2025-05,West Texas,PL,16080503.42,10.68
2025-05,West Texas,PL,16850406.9,10.23
2025-05,West Texas,PL,18056072.78,10.61
2025-05,West Texas,PL,19183341.25,10.68
2025-06,South Texas,MTG,162191937.63,6.61
2025-06,South Texas,MTG,169024748.54,6.85
2025-06,South Texas,MTG,183988432.81,6.94
2025-06,South Texas,MTG,185703196.48,6.74
2025-06,South Texas,MTG,184187379.46,7.05
2025-06,South Texas,HELOC,52445297.67,7.54
2025-06,South Texas,HELOC,58780375.48,7.4
2025-06,South Texas,HELOC,55905311.66,7.53
2025-06,South Texas,HELOC,54942443.01,7.46
2025-06,South Texas,HELOC,60961822.43,7.19
2025-06,South Texas,PL,26854217.0,10.67
2025-06,South Texas,PL,25192365.76,10.41
2025-06,South Texas,PL,27022162.5,10.46
2025-06,South Texas,PL,25656108.04,10.49
2025-06,South Texas,PL,23601264.0,10.76
2025-06,Central Texas,MTG,167197974.42,6.75
2025-06,Central Texas,MTG,167764249.52,7.1
2025-06,Central Texas,MTG,149508419.32,7.18
2025-06,Central Texas,MTG,144838281.35,6.85
2025-06,Central Texas,MTG,162261023.62,6.81
2025-06,Central Texas,HELOC,53441457.26,7.38
2025-06,Central Texas,HELOC,52088777.19,7.46
2025-06,Central Texas,HELOC,51964917.62,7.37
2025-06,Central Texas,HELOC,56089415.63,7.46
2025-06,Central Texas,HELOC,55008051.87,7.17
2025-06,Central Texas,PL,22593490.72,10.51
2025-06,Central Texas,PL,20335731.28,10.63
2025-06,Central Texas,PL,20807131.02,10.76
2025-06,Central Texas,PL,22955669.32,10.35
2025-06,Central Texas,PL,20902121.83,10.42
2025-06,North Texas,MTG,197661336.51,7.01
2025-06,North Texas,MTG,199644407.12,6.85
2025-06,North Texas,MTG,213526588.74,6.59
2025-06,North Texas,MTG,212956847.04,6.86
2025-06,North Texas,MTG,201122018.91,6.86
2025-06,North Texas,HELOC,71903664.32,7.16
2025-06,North Texas,HELOC,67310209.11,7.42
2025-06,North Texas,HELOC,62441991.7,7.2
2025-06,North Texas,HELOC,66830464.4,7.21
2025-06,North Texas,HELOC,64828224.69,7.29
2025-06,North Texas,PL,28843226.66,10.59
2025-06,North Texas,PL,29379282.74,10.49
2025-06,North Texas,PL,26466347.17,10.93
2025-06,North Texas,PL,27208802.34,10.44
2025-06,North Texas,PL,25853682.57,10.8
2025-06,East Texas,MTG,163653259.37,6.9
2025-06,East Texas,MTG,165292184.6,7.09
2025-06,East Texas,MTG,165109231.49,7.29
2025-06,East Texas,MTG,167928845.17,7.1
2025-06,East Texas,MTG,173972158.72,6.93
2025-06,East Texas,HELOC,53814087.04,7.39
2025-06,East Texas,HELOC,57105296.19,7.25
2025-06,East Texas,HELOC,56074016.6,7.53
2025-06,East Texas,HELOC,61784843.22,7.47
2025-06,East Texas,HELOC,61163279.06,7.25
2025-06,East Texas,PL,24033602.82,10.84
2025-06,East Texas,PL,22035833.33,10.57
2025-06,East Texas,PL,25328630.95,10.49
2025-06,East Texas,PL,21479837.46,10.87
2025-06,East Texas,PL,24652204.03,10.7
2025-06,West Texas,MTG,122438603.21,6.87
2025-06,West Texas,MTG,125387539.86,7.18
2025-06,West Texas,MTG,124997095.14,7.27
2025-06,West Texas,MTG,114768522.13,6.94
2025-06,West Texas,MTG,119492471.99,6.78
2025-06,West Texas,HELOC,40490748.8,7.4
2025-06,West Texas,HELOC,42522690.54,7.67
2025-06,West Texas,HELOC,42343402.41,7.51
2025-06,West Texas,HELOC,41148282.74,7.59
2025-06,West Texas,HELOC,48145347.86,7.42
2025-06,West Texas,PL,15821676.23,10.56
2025-06,West Texas,PL,17414917.88,10.71
2025-06,West Texas,PL,17935531.42,10.71
2025-06,West Texas,PL,17071231.15,10.54
2025-06,West Texas,PL,17563922.83,10.92
2025-07,South Texas,MTG,181385128.81,7.04
2025-07,South Texas,MTG,181471873.68,6.9
2025-07,South Texas,MTG,167631385.05,6.85
2025-07,South Texas,MTG,171078191.76,6.9
2025-07,South Texas,MTG,183080244.03,6.89
2025-07,South Texas,HELOC,54993758.64,7.65
2025-07,South Texas,HELOC,56047798.1,7.38
2025-07,South Texas,HELOC,58755892.26,7.19
2025-07,South Texas,HELOC,61108375.1,7.46
2025-07,South Texas,HELOC,62077075.82,7.26
2025-07,South Texas,PL,24041375.49,10.67
2025-07,South Texas,PL,24247328.86,10.44
2025-07,South Texas,PL,24056013.72,10.45
2025-07,South Texas,PL,24365385.83,10.34
2025-07,South Texas,PL,21602984.7,10.78
2025-07,Central Texas,MTG,150063648.13,6.81
2025-07,Central Texas,MTG,166422804.82,7.01
2025-07,Central Texas,MTG,162834005.99,6.94
2025-07,Central Texas,MTG,179101852.47,6.87
2025-07,Central Texas,MTG,170685654.17,6.95
2025-07,Central Texas,HELOC,46698200.23,7.43
2025-07,Central Texas,HELOC,52606019.09,7.2
2025-07,Central Texas,HELOC,48895073.58,7.36
2025-07,Central Texas,HELOC,52710974.86,6.99
2025-07,Central Texas,HELOC,54821095.77,7.29
2025-07,Central Texas,PL,19861037.07,10.8
2025-07,Central Texas,PL,21496198.95,10.84
2025-07,Central Texas,PL,22073161.75,10.66
2025-07,Central Texas,PL,21334808.99,10.73
2025-07,Central Texas,PL,21008807.35,10.53
2025-07,North Texas,MTG,203525819.17,6.94
2025-07,North Texas,MTG,198338745.9,7.12
2025-07,North Texas,MTG,197011747.6,6.96
2025-07,North Texas,MTG,192639791.47,7.02
2025-07,North Texas,MTG,201185088.28,7.1
2025-07,North Texas,HELOC,64274825.85,7.29
2025-07,North Texas,HELOC,68388624.55,7.4
2025-07,North Texas,HELOC,63293557.98,7.56
2025-07,North Texas,HELOC,60916860.65,7.48
2025-07,North Texas,HELOC,62216576.25,7.64
2025-07,North Texas,PL,25574338.82,10.83
2025-07,North Texas,PL,27403045.53,10.61
2025-07,North Texas,PL,27736834.3,10.75
2025-07,North Texas,PL,26374587.85,10.54
2025-07,North Texas,PL,28317094.56,10.4
2025-07,East Texas,MTG,158337420.96,7.42
2025-07,East Texas,MTG,154883366.12,7.13
2025-07,East Texas,MTG,158321925.88,7.04
2025-07,East Texas,MTG,169484684.01,7.13
2025-07,East Texas,MTG,161793198.36,7.26
2025-07,East Texas,HELOC,52763817.91,7.4
2025-07,East Texas,HELOC,55267658.4,7.19
2025-07,East Texas,HELOC,53674210.83,7.38
2025-07,East Texas,HELOC,53235464.47,7.73
2025-07,East Texas,HELOC,52015956.58,7.54
2025-07,East Texas,PL,23792169.6,10.66
2025-07,East Texas,PL,21640083.52,10.54
2025-07,East Texas,PL,22074135.71,10.39
2025-07,East Texas,PL,21467263.05,10.44
2025-07,East Texas,PL,24403938.59,10.75
2025-07,West Texas,MTG,127617806.85,7.05
2025-07,West Texas,MTG,122046748.57,7.18
2025-07,West Texas,MTG,115047176.05,6.98
2025-07,West Texas,MTG,127267569.41,6.76
2025-07,West Texas,MTG,148413340.02,6.96
2025-07,West Texas,HELOC,40607315.0,7.55
2025-07,West Texas,HELOC,42926212.65,7.37
2025-07,West Texas,HELOC,40571734.97,7.13
2025-07,West Texas,HELOC,38511949.32,7.44
2025-07,West Texas,HELOC,41513025.17,7.54
2025-07,West Texas,PL,16591601.45,10.45
2025-07,West Texas,PL,18063140.81,10.88
2025-07,West Texas,PL,17865033.49,10.64
2025-07,West Texas,PL,18047710.34,11.17
2025-07,West Texas,PL,16886168.16,10.46
2025-08,South Texas,MTG,165723434.55,7.07
2025-08,South Texas,MTG,156556761.2,7.01
2025-08,South Texas,MTG,174423029.85,7.21
2025-08,South Texas,MTG,182791753.7,7.11
2025-08,South Texas,MTG,151535888.91,7.12
2025-08,South Texas,HELOC,59116540.16,7.42
2025-08,South Texas,HELOC,51809333.62,7.26
2025-08,South Texas,HELOC,53499531.69,7.08
2025-08,South Texas,HELOC,56991254.55,7.26
2025-08,South Texas,HELOC,64875916.74,7.35
2025-08,South Texas,PL,25367191.44,10.44
2025-08,South Texas,PL,23087388.02,10.69
2025-08,South Texas,PL,22614807.56,10.62
2025-08,South Texas,PL,23477561.37,10.64
2025-08,South Texas,PL,26068898.22,10.74
2025-08,Central Texas,MTG,158215595.07,7.06
2025-08,Central Texas,MTG,159413637.4,6.97
2025-08,Central Texas,MTG,151013282.66,7.01
2025-08,Central Texas,MTG,164311235.54,7.15
2025-08,Central Texas,MTG,151736413.72,7.1
2025-08,Central Texas,HELOC,50716246.01,7.39
2025-08,Central Texas,HELOC,49879429.86,7.35
2025-08,Central Texas,HELOC,55323990.21,7.39
2025-08,Central Texas,HELOC,51705847.53,7.16
2025-08,Central Texas,HELOC,50372268.28,7.34
2025-08,Central Texas,PL,20338570.64,10.68
2025-08,Central Texas,PL,20838522.14,10.69
2025-08,Central Texas,PL,21526878.76,10.54
2025-08,Central Texas,PL,20876622.77,10.69
2025-08,Central Texas,PL,22855374.29,10.72
2025-08,North Texas,MTG,190692583.38,7.04
2025-08,North Texas,MTG,212017940.0,7.12
2025-08,North Texas,MTG,201577738.77,7.09
2025-08,North Texas,MTG,209609586.37,7.14
2025-08,North Texas,MTG,201750843.43,7.14
2025-08,North Texas,HELOC,62305046.71,7.15
2025-08,North Texas,HELOC,66021295.95,7.39
2025-08,North Texas,HELOC,63918269.84,7.5
2025-08,North Texas,HELOC,59961409.24,7.3
2025-08,North Texas,HELOC,64095133.37,7.13
2025-08,North Texas,PL,29180913.76,10.48
2025-08,North Texas,PL,26577074.93,10.82
2025-08,North Texas,PL,28120056.68,10.51
2025-08,North Texas,PL,28165611.51,10.72
2025-08,North Texas,PL,30228794.45,10.74
2025-08,East Texas,MTG,161178823.61,6.85
2025-08,East Texas,MTG,155751809.7,6.86
2025-08,East Texas,MTG,174789889.33,6.98
2025-08,East Texas,MTG,167537224.12,7.21
2025-08,East Texas,MTG,141223822.72,7.17
2025-08,East Texas,HELOC,54316190.74,7.45
2025-08,East Texas,HELOC,51664790.33,7.27
2025-08,East Texas,HELOC,55616537.67,7.74
2025-08,East Texas,HELOC,57159939.94,7.57
2025-08,East Texas,HELOC,53573996.19,7.29
2025-08,East Texas,PL,21586493.81,10.61
2025-08,East Texas,PL,19996521.96,10.57
2025-08,East Texas,PL,21862058.55,10.65
2025-08,East Texas,PL,22727187.64,10.73
2025-08,East Texas,PL,22543843.28,10.59
2025-08,West Texas,MTG,102029772.21,6.89
2025-08,West Texas,MTG,110947944.26,7.05
2025-08,West Texas,MTG,127883586.57,7.12
2025-08,West Texas,MTG,126512574.63,6.96
2025-08,West Texas,MTG,115002399.91,6.87
2025-08,West Texas,HELOC,35377503.25,7.53
2025-08,West Texas,HELOC,39375866.89,7.19
2025-08,West Texas,HELOC,37420525.87,7.25
2025-08,West Texas,HELOC,40029073.46,7.54
2025-08,West Texas,HELOC,38856031.35,7.04
2025-08,West Texas,PL,16388524.58,10.66
2025-08,West Texas,PL,16343849.71,10.59
2025-08,West Texas,PL,16896798.85,10.69
2025-08,West Texas,PL,16593962.11,10.74
2025-08,West Texas,PL,16087708.97,10.61
2025-09,South Texas,MTG,184626880.97,7.08
2025-09,South Texas,MTG,179648285.91,7.18
2025-09,South Texas,MTG,176939268.99,7.14
2025-09,South Texas,MTG,157991664.91,7.03
2025-09,South Texas,MTG,170561305.21,7.25
2025-09,South Texas,HELOC,60184860.38,7.31
2025-09,South Texas,HELOC,58520306.26,7.43
2025-09,South Texas,HELOC,58764918.09,7.25
2025-09,South Texas,HELOC,58481973.18,7.37
2025-09,South Texas,HELOC,58249273.08,7.29
2025-09,South Texas,PL,23186139.28,10.88
2025-09,South Texas,PL,22603033.8,10.55
2025-09,South Texas,PL,23852991.67,10.58
2025-09,South Texas,PL,22811182.45,10.72
2025-09,South Texas,PL,22036135.92,10.55
2025-09,Central Texas,MTG,173472054.48,7.07
2025-09,Central Texas,MTG,148266124.06,7.06
2025-09,Central Texas,MTG,160091168.52,7.15
2025-09,Central Texas,MTG,153840789.96,7.15
2025-09,Central Texas,MTG,136639175.51,6.84
2025-09,Central Texas,HELOC,52153345.61,7.45
2025-09,Central Texas,HELOC,48926384.55,7.44
2025-09,Central Texas,HELOC,49790210.66,7.36
2025-09,Central Texas,HELOC,54736052.81,7.54
2025-09,Central Texas,HELOC,48670550.43,7.24
2025-09,Central Texas,PL,21011754.68,10.7
2025-09,Central Texas,PL,20703348.31,10.86
2025-09,Central Texas,PL,21959958.72,10.76
2025-09,Central Texas,PL,19942547.88,10.88
2025-09,Central Texas,PL,18000510.39,10.83
2025-09,North Texas,MTG,206445442.71,6.94
2025-09,North Texas,MTG,209492829.03,6.99
2025-09,North Texas,MTG,198598522.4,7.05
2025-09,North Texas,MTG,226715811.28,7.2
2025-09,North Texas,MTG,204346817.88,6.86
2025-09,North Texas,HELOC,66442981.83,7.28
2025-09,North Texas,HELOC,68478544.9,7.42
2025-09,North Texas,HELOC,62638647.32,7.41
2025-09,North Texas,HELOC,63463959.95,7.42
2025-09,North Texas,HELOC,63434980.41,7.4
2025-09,North Texas,PL,28443175.81,10.69
2025-09,North Texas,PL,27016478.15,10.73
2025-09,North Texas,PL,28376566.76,10.53
2025-09,North Texas,PL,27830908.68,10.9
2025-09,North Texas,PL,28222159.69,10.71
2025-09,East Texas,MTG,169353120.36,7.07
2025-09,East Texas,MTG,170377892.78,6.7
2025-09,East Texas,MTG,149614377.59,7.15
2025-09,East Texas,MTG,150047970.21,7.06
2025-09,East Texas,MTG,160427035.89,6.85
2025-09,East Texas,HELOC,55580776.87,7.43
2025-09,East Texas,HELOC,60862855.56,7.31
2025-09,East Texas,HELOC,58852157.96,7.45
2025-09,East Texas,HELOC,52548761.95,7.52
2025-09,East Texas,HELOC,56229043.11,7.41
2025-09,East Texas,PL,23054464.03,10.61
2025-09,East Texas,PL,21689360.93,10.81
2025-09,East Texas,PL,22441670.55,10.69
2025-09,East Texas,PL,23071371.83,10.74
2025-09,East Texas,PL,20934936.74,10.89
2025-09,West Texas,MTG,121634679.32,6.97
2025-09,West Texas,MTG,124421654.0,7.04
2025-09,West Texas,MTG,127447604.16,7.08
2025-09,West Texas,MTG,127004656.02,7.2
2025-09,West Texas,MTG,128496660.9,6.98
2025-09,West Texas,HELOC,36812643.18,7.65
2025-09,West Texas,HELOC,39468176.53,7.33
2025-09,West Texas,HELOC,34971166.2,7.45
2025-09,West Texas,HELOC,40628006.46,7.17
2025-09,West Texas,HELOC,41541168.78,7.33
2025-09,West Texas,PL,20105121.53,10.61
2025-09,West Texas,PL,16198236.11,10.57
2025-09,West Texas,PL,18339573.42,10.64
2025-09,West Texas,PL,15836085.08,10.81
2025-09,West Texas,PL,15016786.6,10.79
2025-10,South Texas,MTG,191532597.45,7.1
2025-10,South Texas,MTG,181241084.85,7.15
2025-10,South Texas,MTG,190887372.26,7.2
2025-10,South Texas,MTG,179457027.5,7.16
2025-10,South Texas,MTG,167526585.67,7.14
2025-10,South Texas,HELOC,55483332.09,7.36
2025-10,South Texas,HELOC,49252313.47,7.48
2025-10,South Texas,HELOC,56568383.97,7.59
2025-10,South Texas,HELOC,59670577.83,7.59
2025-10,South Texas,HELOC,55249210.37,7.58
2025-10,South Texas,PL,27007320.43,10.83
2025-10,South Texas,PL,25362936.26,10.75
2025-10,South Texas,PL,23719164.02,10.83
2025-10,South Texas,PL,22492396.36,10.66
2025-10,South Texas,PL,22161179.0,10.61
2025-10,Central Texas,MTG,163728405.83,7.1
2025-10,Central Texas,MTG,158408223.26,7.05
2025-10,Central Texas,MTG,140977218.44,6.96
2025-10,Central Texas,MTG,151817835.54,6.92
2025-10,Central Texas,MTG,163346207.65,6.89
2025-10,Central Texas,HELOC,50835957.45,7.11
2025-10,Central Texas,HELOC,51767630.46,7.26
2025-10,Central Texas,HELOC,52887608.79,7.28
2025-10,Central Texas,HELOC,52963626.74,7.4
2025-10,Central Texas,HELOC,57666125.32,7.49
2025-10,Central Texas,PL,19637952.66,10.53
2025-10,Central Texas,PL,22006510.01,10.58
2025-10,Central Texas,PL,18227039.46,10.92
2025-10,Central Texas,PL,22837780.02,10.8
2025-10,Central Texas,PL,21178346.19,10.78
2025-10,North Texas,MTG,195485757.08,7.05
2025-10,North Texas,MTG,193539750.97,7.25
2025-10,North Texas,MTG,187692870.11,7.2
2025-10,North Texas,MTG,202175242.45,6.95
2025-10,North Texas,MTG,203328026.3,7.13
2025-10,North Texas,HELOC,71375240.21,7.47
2025-10,North Texas,HELOC,64602911.74,7.43
2025-10,North Texas,HELOC,72725379.71,7.62
2025-10,North Texas,HELOC,70001290.43,7.54
2025-10,North Texas,HELOC,69373350.27,7.59
2025-10,North Texas,PL,27460464.02,10.52
2025-10,North Texas,PL,28117504.38,10.6
2025-10,North Texas,PL,26712474.06,10.61
2025-10,North Texas,PL,31137892.41,10.74
2025-10,North Texas,PL,28483634.8,10.54
2025-10,East Texas,MTG,150131223.37,6.9
2025-10,East Texas,MTG,179668760.27,7.07
2025-10,East Texas,MTG,172112355.82,7.13
2025-10,East Texas,MTG,161402855.58,7.23
2025-10,East Texas,MTG,161029731.61,7.23
2025-10,East Texas,HELOC,56901906.47,7.15
2025-10,East Texas,HELOC,53330971.54,7.15
2025-10,East Texas,HELOC,59064846.4,7.42
2025-10,East Texas,HELOC,48889972.68,7.48
2025-10,East Texas,HELOC,53963507.21,7.2
2025-10,East Texas,PL,25253707.3,10.74
2025-10,East Texas,PL,22789460.75,10.66
2025-10,East Texas,PL,21264650.66,10.52
2025-10,East Texas,PL,24762395.98,10.65
2025-10,East Texas,PL,23183834.63,10.41
2025-10,West Texas,MTG,110987171.68,7.11
2025-10,West Texas,MTG,126249405.84,7.28
2025-10,West Texas,MTG,134936606.98,6.99
2025-10,West Texas,MTG,127106582.08,6.97
2025-10,West Texas,MTG,141343288.37,7.19
2025-10,West Texas,HELOC,41459055.27,7.45
2025-10,West Texas,HELOC,45284550.86,7.51
2025-10,West Texas,HELOC,45625884.05,7.09
2025-10,West Texas,HELOC,42333684.78,7.34
2025-10,West Texas,HELOC,46219133.96,7.65
2025-10,West Texas,PL,17103544.76,10.95
2025-10,West Texas,PL,19291393.15,10.73
2025-10,West Texas,PL,20152417.22,10.72
2025-10,West Texas,PL,16794348.81,10.85
2025-10,West Texas,PL,16620261.59,10.73
